-- MySQL dump 10.13  Distrib 5.5.57, for Win64 (AMD64)
--
-- Host: localhost    Database: tdetiendita
-- ------------------------------------------------------
-- Server version	5.5.57

/*!40101 SET @OLD_CHARACTER_SET_CLIENT=@@CHARACTER_SET_CLIENT */;
/*!40101 SET @OLD_CHARACTER_SET_RESULTS=@@CHARACTER_SET_RESULTS */;
/*!40101 SET @OLD_COLLATION_CONNECTION=@@COLLATION_CONNECTION */;
/*!40101 SET NAMES utf8 */;
/*!40103 SET @OLD_TIME_ZONE=@@TIME_ZONE */;
/*!40103 SET TIME_ZONE='+00:00' */;
/*!40014 SET @OLD_UNIQUE_CHECKS=@@UNIQUE_CHECKS, UNIQUE_CHECKS=0 */;
/*!40014 SET @OLD_FOREIGN_KEY_CHECKS=@@FOREIGN_KEY_CHECKS, FOREIGN_KEY_CHECKS=0 */;
/*!40101 SET @OLD_SQL_MODE=@@SQL_MODE, SQL_MODE='NO_AUTO_VALUE_ON_ZERO' */;
/*!40111 SET @OLD_SQL_NOTES=@@SQL_NOTES, SQL_NOTES=0 */;

--
-- Table structure for table `Barcode`
--

DROP TABLE IF EXISTS `Barcode`;
/*!40101 SET @saved_cs_client     = @@character_set_client */;
/*!40101 SET character_set_client = utf8 */;
CREATE TABLE `Barcode` (
  `Barcode` varchar(15) NOT NULL,
  `ProductID` int(11) NOT NULL,
  PRIMARY KEY (`Barcode`),
  UNIQUE KEY `Barcode` (`Barcode`),
  KEY `ProductID` (`ProductID`),
  CONSTRAINT `Barcode_ibfk_1` FOREIGN KEY (`ProductID`) REFERENCES `Product` (`ID`) ON DELETE CASCADE ON UPDATE CASCADE
) ENGINE=InnoDB DEFAULT CHARSET=utf8;
/*!40101 SET character_set_client = @saved_cs_client */;

--
-- Dumping data for table `Barcode`
--

LOCK TABLES `Barcode` WRITE;
/*!40000 ALTER TABLE `Barcode` DISABLE KEYS */;
INSERT INTO `Barcode` VALUES ('0000002201302',1),('0000002261003',2),('0000004003100',3),('0000004039707',4),('0000008308315',5),('7503023959001',5),('0000040084107',6),('0000080051121',6),('0000075000608',7),('0000075000615',8),('0000075001162',9),('0000075001186',10),('0000075001322',11),('0000075001759',12),('0019836102611',12),('0000075001766',13),('0000075001773',14),('0000075001797',15),('0000075001803',16),('0000075001810',17),('0000075001834',18),('0000075001940',19),('0000075001957',20),('0000075001964',21),('0000075001971',22),('0000075001988',23),('0000075002084',24),('0000075002091',25),('0000075002107',26),('0000075002220',27),('0000075002244',28),('0000075002251',29),('0000075002275',30),('0000075002343',31),('0000075003104',32),('0019836103014',32),('0000075003135',33),('0019836103021',33),('0000075003142',34),('0000075003159',35),('0000075003166',36),('0000075003173',37),('0000075003180',38),('0019836103069',38),('0000075003371',39),('0000075003388',40),('0000075003401',41),('0000075003456',42),('0000075003463',43),('0000075003487',44),('0000075004699',45),('0000075005443',46),('0000075007614',47),('0000075009076',48),('0000075009083',49),('0000075009090',50),('0000075009489',51),('0000075009496',52),('0000075009809',53),('0000075010874',54),('0000075010911',55),('0000075010928',56),('0000075010935',57),('0000075012533',58),('0000075014483',59),('0000075019426',60),('0000075019754',61),('0000075019761',62),('0000075019907',63),('0000075019921',64),('0000075020613',65),('0000075021726',66),('0000075022976',67),('0000075022983',68),('0000075022990',69),('0000075023003',70),('0000075023010',71),('0000075024673',72),('0000075024703',73),('0000075024727',74),('0000075024734',75),('0000075026196',76),('0000075026202',77),('0000075027667',78),('0000075030438',79),('0000075030841',80),('0000075030896',81),('0000075033057',82),('0000075034009',83),('0000075034665',84),('0000075035693',85),('0000075036409',86),('0000075036546',87),('0000075036553',88),('0000075038311',89),('0000075038441',90),('0000075038649',91),('0000075038656',92),('0000075038663',93),('0000075038670',94),('0000075040840',95),('0000075041731',96),('0000075041748',97),('0000075042677',98),('0000075042691',99),('0000075043117',100),('0000075043377',101),('0000075045494',102),('0000075045654',103),('0000075045685',104),('0000075048129',105),('0000075048136',106),('0000075049232',107),('0000075050115',108),('0000075051884',109),('0000075051938',110),('0000075051945',111),('0000075051952',112),('0000075051969',113),('0000075051976',114),('0000075052836',115),('0000075053673',116),('0000075053901',117),('0000075055790',118),('0000075057596',119),('0000075057763',120),('0000075057886',121),('0000075057947',122),('0000075058227',123),('0000075058708',124),('0000075059705',125),('0000075061425',126),('0000075061654',127),('0000075063917',128),('0000075064112',128),('0000078603752',129),('0000078603769',130),('0000078909434',131),('0000080052463',132),('0000080135906',133),('0000082052508',134),('0000750103045',135),('0007432307762',136),('0017479831011',137),('0018804022050',138),('0019836100211',139),('0019836102628',140),('0019836102659',141),('0019836102666',142),('0019836103052',143),('0021424212039',144),('0025046007141',145),('0025046150137',146),('0032239052000',147),('0032239052017',148),('0032239052024',149),('0032239052147',150),('0034587030013',151),('0036731103512',152),('0036731103536',152),('7501022009529',152),('0036731106018',153),('0036731106025',154),('0036731106032',155),('0036731106131',156),('0036731135902',157),('0036731135919',158),('0036731202000',159),('0036731220004',160),('0036731320520',161),('0036731320537',162),('0036731320568',163),('0036731321008',164),('0036731322005',165),('0036731323002',166),('0036731324009',167),('0036731501004',168),('0036731502001',169),('0036731503008',170),('0036731504005',171),('0036731505002',172),('0036731506009',173),('0038287086004',174),('0038629000866',175),('0038629001436',176),('0038629001801',177),('0038629001849',178),('0038629002068',179),('0040000494331',180),('0041333428482',181),('0041333666426',182),('0041789001864',183),('0041789001918',184),('0041789001925',185),('0041789001956',186),('0041789001987',187),('0045735000246',188),('0045735000253',189),('0045735000277',189),('0046677286804',190),('0058897090505',191),('0070330700918',192),('0070330717534',193),('0070847003656',194),('0074323011616',195),('0076350614891',196),('0095600002301',197),('0097339000054',198),('0097339000061',199),('0099072101661',200),('0157528031794',201),('0400000152127',202),('0400000209197',203),('0400000209203',204),('0606110023924',205),('0608875007980',206),('0613008738846',207),('0633148100624',208),('0658480001262',209),('0658480001958',210),('0681307438019',211),('0692170165450',212),('0706460000450',213),('0706460000467',214),('0706460236125',215),('0706460249279',216),('0706460249316',217),('0706460249361',218),('0719886001017',219),('0719886152221',220),('0719886210457',221),('0724869000468',222),('0724869001748',223),('0724869001861',224),('0724869002196',225),('0724869002226',226),('0724869002776',227),('0724869002868',228),('0724869004015',229),('0724869004336',230),('0724869004817',231),('0724869005111',232),('0724869077774',233),('0724869099912',234),('0724869100076',235),('0725181068013',236),('0725181203018',237),('0725226066660',238),('0727528033415',239),('0735257000014',240),('0735257001011',240),('0735257000076',241),('0735257001196',241),('0735257000090',242),('0735257001066',242),('0735257000106',243),('0735257001073',243),('0735257000168',244),('0735257001097',244),('0735257000175',245),('0735257000182',246),('0735257000199',247),('0735257000205',248),('0735257000229',249),('0735257001110',249),('0735257001042',250),('0735257001103',251),('0735257001158',252),('0735257001172',253),('0735257001189',254),('0735257006023',255),('0738545010559',256),('0742587033285',257),('0742587035210',258),('0742587040726',259),('0744607588805',260),('0744607840804',261),('0744831124023',262),('0744831150953',263),('0744831170845',264),('0744886193059',265),('0744886288823',266),('0744886298822',267),('0744886308828',268),('0744886318827',269),('0744886328826',270),('0744886345052',271),('0744886348824',272),('0744886365050',273),('0744886375059',274),('0744886385058',275),('0744886395057',276),('0744886405053',277),('0744886522057',278),('0745404566317',279),('0750103912452',280),('0750113093438',281),('0751031310258',282),('7501031310258',282),('0752216051047',283),('0752216051061',284),('0752216081051',285),('0754177303005',286),('0754177303142',287),('0754177505485',288),('0754177505492',289),('0754177505515',290),('0754177505522',291),('0754177506116',292),('0754177506123',293),('0754177506147',294),('0754177506154',295),('0754177506239',296),('0754177506246',297),('0754177506253',298),('0754177506277',299),('0756702133149',300),('0756702133460',301),('0756774011567',302),('0757528001216',303),('0757528001742',304),('0757528033590',304),('0757528001872',305),('0757528001889',306),('0757528002039',307),('0757528002183',308),('0757528012670',309),('0757528015633',310),('0757528016951',311),('0757528017149',312),('0757528022402',312),('0757528017705',313),('0757528018481',314),('0757528019372',315),('0757528020231',316),('0757528020248',317),('0757528020552',318),('0757528020859',319),('0757528022228',320),('0757528022303',321),('0757528022334',322),('0757528022365',323),('0757528022419',324),('0757528023263',325),('0757528023300',326),('0757528024741',327),('0757528024833',328),('0757528024925',329),('0757528025779',330),('0757528027100',331),('0757528027117',332),('0757528027131',333),('0757528027148',334),('0757528027544',335),('0757528027575',336),('0757528027582',337),('0757528027599',338),('0757528027605',339),('0757528027612',340),('0757528027629',341),('0757528027636',342),('0757528027643',343),('0757528027667',344),('0757528027674',345),('0757528027728',346),('0757528028961',347),('0757528028978',348),('0757528028985',349),('0757528028992',350),('0757528033392',351),('0757528033408',352),('0757528033552',353),('0757528033569',354),('0757528033576',355),('0758104000159',356),('0758104000357',357),('0758104000494',358),('0758104001095',359),('0758104001477',359),('0758104001354',360),('0758104001361',361),('0758104001460',362),('0758104001712',363),('0758104002009',364),('0758104003044',364),('0758104002023',365),('0758104002238',366),('0758104002245',367),('0758104002511',368),('0758104002931',369),('0758104002948',370),('0758104003341',371),('0758104003419',372),('0758104100422',372),('0758104003549',373),('0758104003556',374),('0758104003778',375),('0758104003785',376),('0758104004331',377),('0758104004973',378),('0758104005703',379),('0758806001690',380),('0758806001706',381),('0761682801841',382),('0766902001711',383),('0766902001797',384),('0766902001940',385),('0766902002510',386),('0766902011222',387),('0767728000056',388),('0790203019113',389),('0793573950079',390),('0812881020172',391),('0812881020196',392),('0812881020202',393),('0812999014612',394),('0812999014834',395),('0812999014957',396),('0812999015077',397),('0812999015084',398),('0823703800247',399),('3086126789132',400),('4564564694656',401),('5900020028112',402),('6903072291908',403),('6921701008284',404),('6921701654503',405),('6921707601201',406),('6921707676201',407),('6924372620250',408),('6947790547343',409),('6947790547350',410),('6947790547367',411),('6947790547374',412),('6956784100839',413),('6956784104400',414),('6956784104493',415),('6956784105384',416),('6956784105537',417),('6956784106640',418),('6956784106893',419),('6956784107098',420),('6956784113020',421),('735257001158',422),('735257001172',423),('7404005961022',424),('7406234003870',425),('7406234003887',426),('7441005013375',427),('7441005014433',428),('7500326103346',429),('7500326103360',430),('7500326358128',431),('7500326358135',432),('7500326438356',433),('7500326438363',434),('7500326438394',435),('7500435000123',436),('7500435014069',437),('7500435018791',438),('7500435019392',439),('7500435105361',440),('7500435108256',441),('7500462203801',442),('7500462227708',443),('7500478000081',444),('7500478000098',445),('7500478000135',446),('7500478001590',447),('7500478002344',448),('7500478002573',449),('7500478002801',450),('7500478002818',451),('7500478002825',452),('7500478002894',453),('7500478002900',454),('7500478002917',455),('7500478003006',456),('7500478003174',457),('7500478004317',458),('7500478005512',459),('7501000103034',460),('7501000103065',461),('7501000103232',462),('7501000103256',463),('7501000103287',464),('7501000106936',465),('7501000109340',466),('7501000111091',467),('7501000111251',468),('7501000111299',469),('7501000111442',470),('7501000111466',471),('7501000111503',472),('7501000111602',473),('7501000111800',474),('7501000111855',475),('7501000112128',476),('7501000112166',477),('7501000112203',478),('7501000112302',479),('7501000112326',480),('7501000112333',481),('7501000112401',482),('7501000112425',483),('7501000112722',484),('7501000112784',485),('7501000112845',486),('7501000116430',487),('7501000116447',488),('7501000122332',489),('7501000125050',490),('7501000127344',491),('7501000128167',492),('7501000128174',493),('7501000132300',494),('7501000132706',495),('7501000133031',496),('7501000133055',497),('7501000133338',498),('7501000135103',499),('7501000135301',500),('7501000135356',501),('7501000136636',502),('7501000138944',503),('7501000140473',504),('7501000142200',505),('7501000142217',506),('7501000142347',507),('7501000142408',508),('7501000142453',509),('7501000142705',510),('7501000142804',511),('7501000143047',512),('7501000148288',513),('7501000149001',514),('7501000149100',515),('7501000153107',516),('7501000153459',517),('7501000153503',518),('7501000153541',519),('7501000153800',520),('7501000154531',521),('7501000154548',522),('7501000154708',523),('7501000157075',524),('7501000164370',525),('7501000166923',526),('7501000167449',527),('7501000167456',528),('7501000168200',529),('7501000171842',530),('7501000207305',531),('7501000222612',532),('7501000248582',533),('7501000260669',534),('7501000260676',535),('7501000264834',536),('7501000266203',537),('7501000266234',538),('7501000266333',539),('7501000278404',540),('7501000309726',541),('7501000310647',542),('7501000312771',543),('7501000336319',544),('7501000339198',545),('7501000360604',546),('7501000364695',547),('7501000367481',548),('7501000390984',549),('7501000392384',550),('7501000392490',551),('7501000394616',552),('7501000394883',553),('7501000600915',554),('7501000601738',555),('7501000601745',556),('7501000601776',557),('7501000603121',558),('7501000604142',559),('7501000631797',559),('7501000604159',560),('7501000634354',560),('7501000604166',561),('7501000604173',562),('7501000604180',563),('7501000604302',563),('7501000621170',563),('7501000622047',563),('7501000604685',564),('7501000606566',565),('7501000606573',566),('7501000606580',567),('7501000607198',568),('7501000607495',569),('7501000608072',570),('7501000608089',571),('7501000609949',572),('7501000610266',573),('7501000611829',574),('7501000612130',575),('7501000612147',576),('7501000612161',577),('7501000612543',578),('7501000614530',579),('7501000614547',580),('7501000621040',581),('7501000621057',582),('7501000621217',583),('7501000621897',584),('7501000621910',585),('7501000621941',586),('7501000622054',587),('7501000624577',588),('7501000624683',589),('7501000625246',590),('7501000626045',591),('7501000626489',592),('7501000626502',593),('7501000626526',594),('7501000626540',595),('7501000626557',596),('7501000628834',597),('7501000629497',598),('7501000629503',599),('7501000629770',600),('7501000634347',601),('7501000634361',602),('7501000635245',603),('7501000635306',604),('7501000635658',605),('7501000635665',606),('7501000635672',607),('7501000635689',608),('7501000635702',609),('7501000635726',610),('7501000636495',611),('7501000638499',612),('7501000638512',613),('7501000639625',614),('7501000640362',615),('7501000641482',616),('7501000644261',617),('7501000648740',618),('7501000649402',619),('7501000649754',620),('7501000651375',621),('7501000655397',622),('7501000655700',623),('7501000656172',624),('7501000656349',624),('7501000657797',625),('7501000658329',626),('7501000658923',627),('7501000663705',628),('7501000664221',629),('7501000664382',630),('7501000665464',631),('7501000666720',632),('7501000669509',633),('7501000903238',634),('7501000903245',635),('7501000903252',636),('7501000910397',636),('7501000903269',637),('7501000903276',638),('7501000903283',639),('7501000911783',640),('7501000912612',641),('7501000913282',642),('7501001106690',643),('7501001125981',644),('7501001130664',645),('7501001132026',646),('7501001157296',647),('7501001258023',648),('7501001258030',649),('7501001303495',650),('7501001303600',651),('7501001403782',652),('7501001656454',653),('7501002201134',654),('7501003123237',655),('7501003303394',656),('7501003340122',656),('7501003305855',657),('7501003309808',658),('7501003336125',659),('7501003339355',660),('7501003340115',661),('7501003390400',662),('7501005106801',663),('7501005106979',664),('7501005107013',665),('7501005107150',666),('7501005107297',667),('7501005110242',668),('7501005110389',669),('7501005111973',670),('7501005112208',671),('7501005114400',672),('7501005114509',673),('7501005114516',674),('7501005118644',675),('7501005118668',676),('7501005180306',677),('7501005180658',678),('7501005199292',679),('7501006551044',680),('7501006551051',681),('7501006559019',681),('7501006551068',682),('7501006551082',683),('7501006551303',684),('7501006555004',685),('7501006555028',686),('7501006733907',687),('7501007445557',688),('7501007455730',689),('7501007704302',690),('7501008004647',691),('7501008004661',692),('7501008004715',693),('7501008006788',694),('7501008007365',695),('7501008010259',696),('7501008015254',697),('7501008019429',698),('7501008037744',699),('7501008044223',700),('7501008072509',701),('7501008076521',702),('7501008082836',703),('7501008094280',704),('7501008443026',705),('7501008496152',706),('7501008744390',707),('7501008766453',708),('7501009222200',709),('7501009222729',710),('7501011101456',711),('7501011101463',712),('7501011101678',713),('7501011101999',714),('7501011102095',715),('7501011103726',716),('7501011104099',717),('7501011104464',718),('7501011104792',719),('7501011105171',720),('7501011105416',721),('7501011105867',722),('7501011110335',723),('7501011110526',724),('7501011111028',725),('7501011111097',726),('7501011125391',726),('7501011112254',727),('7501011112438',728),('7501011114456',729),('7501011114623',730),('7501011116252',731),('7501011118119',732),('7501011118966',733),('7501011123380',734),('7501011123588',735),('7501011123595',736),('7501011123601',737),('7501011123779',738),('7501011123878',739),('7501011125612',740),('7501011125957',741),('7501011126213',742),('7501011126398',743),('7501011126879',744),('7501011127012',745),('7501011128699',746),('7501011130272',747),('7501011130975',748),('7501011131361',749),('7501011132184',750),('7501011143852',750),('7501011149502',750),('7501011132283',751),('7501011145764',751),('7501011133204',752),('7501011133426',753),('7501011135024',754),('7501011136946',755),('7501011137431',756),('7501011142190',757),('7501011142299',758),('7501011142541',759),('7501011142565',760),('7501011144460',760),('7501011142701',761),('7501011143241',762),('7501011143258',763),('7501011143739',764),('7501011143777',765),('7501011143791',766),('7501011167452',766),('7501011144613',767),('7501011148963',768),('7501011149205',769),('7501011149809',770),('7501011149823',771),('7501011150881',772),('7501011151079',773),('7501011151086',774),('7501011153301',775),('7501011153318',776),('7501011153325',777),('7501011153332',778),('7501011155046',779),('7501011158009',780),('7501011165717',780),('7501011158320',781),('7501011159242',782),('7501011159266',783),('7501011160194',784),('7501011161207',785),('7501011162150',786),('7501011163508',787),('7501011163706',788),('7501011164086',789),('7501011165618',790),('7501011165687',791),('7501011167650',792),('7501011169876',793),('7501011176577',794),('7501011176584',794),('7501011179288',795),('7501011179301',796),('7501011179325',797),('7501011180499',798),('7501013110371',799),('7501013110753',800),('7501013120028',801),('7501013120134',802),('7501013120141',803),('7501013122022',804),('7501013122039',805),('7501013122060',806),('7501013122114',807),('7501013122190',808),('7501013132038',809),('7501013132052',810),('7501013132199',811),('7501013154030',812),('7501013154146',813),('7501013154184',814),('7501014300566',815),('7501014572000',816),('7501015511107',817),('7501017004027',818),('7501017004270',819),('7501017004294',820),('7501017004362',821),('7501017004423',822),('7501017005024',823),('7501017050734',824),('7501017361083',825),('7501017361120',826),('7501017362950',827),('7501017364596',828),('7501017367979',829),('7501018310011',830),('7501018310042',831),('7501018310103',832),('7501018310233',833),('7501018310240',834),('7501018310257',835),('7501018310264',836),('7501018310295',837),('7501018310318',838),('7501018310516',839),('7501018310530',840),('7501018310547',841),('7501018310554',842),('7501018310561',843),('7501018310578',844),('7501018310585',845),('7501018310608',846),('7501018310745',847),('7501018310752',848),('7501018315009',849),('7501018316006',850),('7501018320348',851),('7501019006074',852),('7501019006104',853),('7501019006623',854),('7501019035548',855),('7501020511451',856),('7501020511468',857),('7501020512823',858),('7501020513134',859),('7501020513776',860),('7501020515619',861),('7501020515626',862),('7501020526066',863),('7501020532036',864),('7501020533897',865),('7501020535532',866),('7501020535594',867),('7501020536546',868),('7501020537888',869),('7501020538304',870),('7501020539981',871),('7501020540666',872),('7501020543810',873),('7501020545975',874),('7501020550672',875),('7501020553079',876),('7501020553086',877),('7501020553093',878),('7501020553147',879),('7501020553161',880),('7501022010761',881),('7501022010860',882),('7501023318040',883),('7501023318057',884),('7501024545612',885),('7501024548064',886),('7501025400088',887),('7501025403027',888),('7501025403485',889),('7501026004612',890),('7501026004629',891),('7501026005381',892),('7501026005671',893),('7501026005688',894),('7501026006609',895),('7501026006616',896),('7501026006654',897),('7501026006661',898),('7501026006807',899),('7501026007101',900),('7501026008108',901),('7501026027543',902),('7501026027550',903),('7501026905490',904),('7501030408093',905),('7501030409854',906),('7501030417279',907),('7501030496885',907),('7501030417583',908),('7501030418412',909),('7501030419389',910),('7501030419464',911),('7501030421313',912),('7501030421788',913),('7501030460879',913),('7501030424055',914),('7501030424062',915),('7501030424345',916),('7501030424536',917),('7501030426387',918),('7501030426523',919),('7501030428695',920),('7501030432111',921),('7501030432760',922),('7501030432777',923),('7501030432784',924),('7501030433972',925),('7501030437475',926),('7501030441403',927),('7501030442417',928),('7501030448136',929),('7501030449171',930),('7501030453147',931),('7501030454205',932),('7501030454366',933),('7501030454564',934),('7501030454656',935),('7501030454786',936),('7501030458876',936),('7501030455042',937),('7501030455516',938),('7501030456742',939),('7501030456872',940),('7501030457008',941),('7501030457145',942),('7501030457152',943),('7501030457169',944),('7501030475033',944),('7501030457176',945),('7501030457183',946),('7501030457190',947),('7501030457206',948),('7501030457497',949),('7501030458807',950),('7501030459026',951),('7501030459033',952),('7501030459217',953),('7501030459323',954),('7501030459330',955),('7501030459637',956),('7501030459736',957),('7501030459927',958),('7501030459934',959),('7501030459941',960),('7501030460428',961),('7501030460725',962),('7501030460732',963),('7501030460947',964),('7501030461173',965),('7501030461227',966),('7501030461234',967),('7501030461241',968),('7501030461340',969),('7501030461357',970),('7501030462859',971),('7501030463528',972),('7501030463665',973),('7501030464242',974),('7501030465874',975),('7501030466086',976),('7501030467885',977),('7501030468189',978),('7501030468318',979),('7501030468981',980),('7501030469698',981),('7501030469827',982),('7501030470441',983),('7501030471714',984),('7501030471738',985),('7501030472698',986),('7501030473060',987),('7501030473817',988),('7501030473954',989),('7501030474227',990),('7501030474357',991),('7501030474739',992),('7501030475019',993),('7501030475026',994),('7501030475217',995),('7501030475224',996),('7501030475514',997),('7501030475521',998),('7501030477259',999),('7501030477488',1000),('7501030477990',1001),('7501030478485',1002),('7501030479499',1003),('7501030480778',1004),('7501030482260',1005),('7501030485735',1006),('7501030485759',1007),('7501030486077',1008),('7501030486664',1009),('7501030489634',1010),('7501030489757',1011),('7501030490272',1012),('7501030490616',1013),('7501030490920',1014),('7501030490951',1015),('7501030491033',1016),('7501030491057',1017),('7501030491064',1018),('7501030491200',1019),('7501030491644',1020),('7501030491668',1021),('7501030494072',1022),('7501030494515',1023),('7501030496717',1024),('7501030497509',1025),('7501030497738',1026),('7501030498346',1027),('7501030499046',1028),('7501030499534',1029),('7501031300082',1030),('7501031300129',1031),('7501031302741',1032),('7501031302802',1033),('7501031302819',1034),('7501031303540',1035),('7501031307258',1036),('7501031307289',1037),('7501031307296',1038),('7501031307708',1039),('7501031310012',1040),('7501031310098',1041),('7501031311606',1042),('7501031311620',1043),('7501031311682',1044),('7501031322558',1045),('7501031322589',1046),('7501031345052',1047),('7501031345083',1048),('7501031346608',1049),('7501031360024',1050),('7501031360048',1051),('7501031360161',1052),('7501031362561',1053),('7501032332013',1054),('7501032332037',1055),('7501032332051',1056),('7501032332365',1057),('7501032332372',1058),('7501032332389',1059),('7501032334000',1060),('7501032397661',1060),('7501032334055',1061),('7501032334970',1062),('7501032334994',1063),('7501032335052',1064),('7501032395551',1064),('7501032397951',1064),('7501032339616',1065),('7501032340803',1066),('7501032340995',1067),('7501032346324',1068),('7501032346713',1069),('7501032346744',1070),('7501032346751',1071),('7501032360290',1072),('7501032395292',1073),('7501032395308',1074),('7501032395315',1075),('7501032395506',1076),('7501032395599',1077),('7501032395933',1078),('7501032396114',1079),('7501032396275',1080),('7501032396282',1081),('7501032398606',1081),('7501032396299',1082),('7501032397845',1083),('7501032397869',1084),('7501032397900',1085),('7501032398262',1085),('7501032397913',1086),('7501032397944',1087),('7501032397968',1088),('7501032398071',1089),('7501032398484',1090),('7501032398491',1091),('7501032399542',1091),('7501032398576',1092),('7501032398583',1093),('7501032398620',1094),('7501032398637',1095),('7501032398880',1096),('7501032398941',1097),('7501032399061',1098),('7501032399191',1099),('7501032600570',1100),('7501032600686',1101),('7501032600839',1102),('7501032601164',1103),('7501032601843',1104),('7501032601850',1105),('7501032604578',1106),('7501032605254',1107),('7501032605377',1108),('7501032606695',1109),('7501032606701',1110),('7501032608033',1111),('7501032608347',1112),('7501032940102',1113),('7501035902015',1114),('7501035906464',1115),('7501035910027',1116),('7501035910034',1117),('7501035910041',1118),('7501035910096',1119),('7501035910256',1120),('7501035911567',1121),('7501036619233',1122),('7501036620956',1123),('7501036622127',1124),('7501036622646',1125),('7501037600056',1126),('7501037600872',1127),('7501039121436',1128),('7501039400456',1129),('7501039400807',1130),('7501039400814',1130),('7501039400821',1131),('7501039400845',1132),('7501039400852',1133),('7501039408807',1134),('7501040009754',1135),('7501040009761',1136),('7501040081439',1137),('7501040090011',1138),('7501040090042',1139),('7501040090141',1140),('7501040090752',1141),('7501040090875',1142),('7501040091407',1142),('7501040091636',1143),('7501040092176',1144),('7501041301574',1145),('7501055339990',1145),('7501041415578',1146),('7501041415844',1147),('7501041941930',1148),('7501045400068',1149),('7501045401423',1150),('7501047600206',1151),('7501052410111',1152),('7501052411323',1153),('7501052471044',1154),('7501052471051',1155),('7501052471075',1156),('7501052472102',1157),('7501052475202',1158),('7501052476360',1159),('7501055300075',1160),('7501055300341',1161),('7501055300952',1162),('7501055302086',1163),('7501055302260',1164),('7501055302277',1165),('7501055302451',1166),('7501055302611',1167),('7501055303779',1168),('7501055303786',1169),('7501055303793',1170),('7501055303885',1171),('7501055304653',1172),('7501055304721',1173),('7501055304745',1174),('7501055304806',1175),('7501055304813',1176),('7501055305247',1177),('7501055305346',1178),('7501055305629',1179),('7501055305650',1180),('7501055308248',1181),('7501055308330',1182),('7501055308613',1183),('7501055310227',1184),('7501055310487',1185),('7501055310883',1186),('7501055310920',1187),('7501055313006',1188),('7501055313068',1189),('7501055313532',1190),('7501055317677',1191),('7501055318513',1192),('7501055320684',1193),('7501055328390',1194),('7501055329250',1195),('7501055329267',1196),('7501055329298',1197),('7501055329366',1198),('7501055329380',1199),('7501055330461',1200),('7501055330683',1201),('7501055330812',1202),('7501055334001',1203),('7501055336234',1204),('7501055336265',1205),('7501055337415',1206),('7501055337446',1207),('7501055337507',1208),('7501055339983',1209),('7501055340422',1210),('7501055341344',1211),('7501055341948',1212),('7501055342198',1213),('7501055342716',1214),('7501055343324',1215),('7501055343355',1216),('7501055345014',1217),('7501055345229',1218),('7501055349043',1219),('7501055349401',1220),('7501055349715',1221),('7501055349807',1222),('7501055349845',1223),('7501055349982',1224),('7501055351213',1225),('7501055351220',1226),('7501055351237',1227),('7501055351244',1228),('7501055351749',1229),('7501055352074',1230),('7501055352104',1231),('7501055355082',1232),('7501055355310',1233),('7501055356355',1234),('7501055356560',1235),('7501055359486',1236),('7501055359745',1237),('7501055359769',1238),('7501055361540',1239),('7501055900039',1240),('7501055900060',1241),('7501055900077',1242),('7501055900084',1243),('7501055900343',1244),('7501055900398',1245),('7501055900404',1246),('7501055900411',1247),('7501055901425',1248),('7501055901968',1249),('7501055902125',1250),('7501055905324',1251),('7501055905935',1252),('7501055907014',1253),('7501055909278',1254),('7501055909285',1255),('7501055909292',1256),('7501055909308',1257),('7501055909315',1258),('7501055909322',1259),('7501055909339',1260),('7501055909520',1261),('7501055909537',1262),('7501055909568',1263),('7501055909575',1264),('7501055910403',1265),('7501056338534',1266),('7501058615312',1267),('7501058617873',1268),('7501058626837',1269),('7501058743121',1270),('7501058752772',1271),('7503002319543',1271),('7501059224346',1272),('7501059225626',1273),('7501059284555',1273),('7501059228436',1274),('7501059284388',1275),('7501059286160',1276),('7501059289253',1277),('7501059295254',1278),('7501059296305',1279),('7501059296312',1280),('7501059296770',1281),('7501059298828',1282),('7501059299429',1283),('7501059299436',1284),('7501059299443',1285),('7501063500085',1286),('7501064101205',1287),('7501064101410',1288),('7501064112546',1289),('7501064191886',1290),('7501069210032',1291),('7501069210223',1292),('7501069210766',1293),('7501071120077',1294),('7501071120176',1295),('7501071120183',1296),('7501071120305',1297),('7501071120411',1298),('7501071120480',1299),('7501071120558',1300),('7501071120664',1301),('7501071900112',1302),('7501071900129',1303),('7501072910158',1304),('7501073800113',1305),('7501073830509',1306),('7501073831469',1307),('7501073831896',1308),('7501073831902',1309),('7501073841253',1309),('7501073831926',1310),('7501073831933',1311),('7501073832268',1312),('7501073832886',1313),('7501073839854',1314),('7501073839885',1315),('7501077400050',1316),('7501079702817',1317),('7501079702848',1318),('7501079702855',1319),('7501079704200',1320),('7501086106141',1321),('7501086106899',1322),('7501086801053',1323),('7501086857029',1324),('7501102232267',1325),('7501102610003',1326),('7501102614001',1327),('7501122201113',1328),('7501130900411',1329),('7501130901050',1330),('7501130903245',1331),('7501130930449',1332),('7501130932511',1333),('7501130934003',1334),('7501130934058',1335),('7501130934669',1336),('7501130934973',1337),('7501130934980',1338),('7501198300024',1339),('7501198353082',1340),('7501198354089',1341),('7501199410906',1342),('7501199411156',1343),('7501199413006',1344),('7501199413624',1345),('7501199414324',1346),('7501199414416',1347),('7501200480515',1348),('7501268200025',1349),('7501268200032',1350),('7501295600614',1351),('7501295600621',1352),('7501295600713',1353),('7501431201088',1354),('7501431232037',1355),('7501431232051',1356),('7501438304300',1357),('7501479300057',1358),('7501480735558',1359),('7501480735565',1360),('7501480760000',1361),('7501480760024',1362),('7501480760031',1363),('7501480760048',1364),('7501480760055',1365),('7501505630028',1366),('7501505630073',1367),('7501568629113',1368),('7501594374766',1369),('7501615400023',1370),('7501677921528',1371),('7501696252627',1372),('7501760761345',1373),('7501761802566',1374),('7501761810189',1375),('7501761810271',1376),('7501761820911',1377),('7501761846515',1378),('7501852705356',1379),('7501906691642',1380),('7501906691666',1381),('7501943424562',1382),('7501943462571',1383),('7501943497276',1384),('7502007294121',1385),('7502012640036',1386),('7502012640050',1387),('7502012640777',1388),('7502208800077',1389),('7502208805010',1390),('7502208805171',1391),('7502208805225',1392),('7502208805454',1393),('7502221790010',1394),('7502221791659',1395),('7502273850472',1395),('7502226814995',1396),('7502226815053',1397),('7502226815084',1398),('7502226815114',1399),('7502238610011',1400),('7502238610226',1401),('7502238610233',1402),('7502238610240',1403),('7502238610264',1404),('7502247420922',1405),('7502247420946',1406),('7502247421790',1407),('7502247422247',1408),('7502247423039',1409),('7502247423534',1410),('7502247424852',1411),('7502251196486',1412),('7502259980179',1413),('7502265239858',1414),('7502273850076',1415),('7503001453200',1416),('7503002163023',1417),('7503002163115',1418),('7503003005247',1419),('7503003589051',1420),('7503003924357',1421),('7503003924517',1422),('7503005027117',1423),('7503005202354',1424),('7503006897016',1425),('7503006897030',1426),('7503006897191',1427),('7503006897214',1428),('7503006897597',1429),('7503006897603',1430),('7503008336346',1431),('7503008336353',1432),('7506192500555',1432),('7503008336575',1433),('7506192500258',1433),('7503008336582',1434),('7506192500234',1434),('7506192503891',1434),('7503008336599',1435),('7506192500265',1435),('7503008874015',1436),('7503008874022',1437),('7503008874039',1438),('7503008874046',1439),('7503009924092',1440),('7503010264002',1441),('7503013328008',1442),('7503017028409',1443),('7503018985176',1444),('7503018985183',1445),('7503018985329',1446),('7503018985350',1447),('7503018985695',1448),('7503018985718',1449),('7503018985893',1450),('7503018985909',1451),('7503019769645',1452),('7503020760006',1453),('7503022217010',1454),('7506105602635',1455),('7506105602734',1456),('7506105604431',1457),('7506105604448',1458),('7506105604455',1459),('7506105604462',1460),('7506174500207',1461),('7506174500214',1462),('7506174500450',1463),('7506174500467',1464),('7506174502423',1465),('7506174504441',1466),('7506174504465',1467),('7506174504472',1468),('7506192500180',1469),('7506192500197',1470),('7506192503846',1470),('7506192500203',1471),('7506192503853',1471),('7506192500241',1472),('7506192500531',1473),('7506192500579',1474),('7506192500586',1475),('7506192501217',1476),('7506192501224',1477),('7506192502139',1478),('7506192503358',1479),('7506192503860',1480),('7506192503877',1481),('7506192503884',1482),('7506192503983',1483),('7506192504379',1483),('7506192505123',1484),('7506192505840',1485),('7506195155813',1486),('7506195175866',1487),('7506195196984',1488),('7506205802140',1489),('7506205802355',1490),('7506205807589',1491),('7506226201212',1492),('7506306210257',1493),('7506306210295',1494),('7506306238336',1495),('7506306238640',1496),('7506306311527',1497),('7506306400115',1498),('7506306412354',1499),('7506306413320',1500),('7506306413368',1501),('7506306413375',1502),('7506306413399',1503),('7506306413405',1504),('7506306414457',1505),('7506306414471',1506),('7506309895208',1507),('7506339361742',1508),('7506339384390',1509),('7506339394719',1510),('7506401302574',1511),('7507010738297',1512),('7509546006437',1513),('7509546007342',1514),('7509546008202',1515),('7509546008295',1516),('7509546009872',1517),('7509546009889',1518),('7509546015682',1519),('7509546017143',1520),('7509546032634',1521),('7509546044903',1522),('7509546059167',1523),('7509546064161',1524),('7509546067506',1525),('7509546067513',1526),('7509546067520',1527),('7509546067537',1528),('7509546067544',1529),('7509546067551',1530),('7509546068954',1531),('7509546070070',1532),('7509546070865',1533),('7509546070872',1534),('7509546070919',1535),('7509546074627',1536),('7509546075419',1537),('7581104003907',1538),('7590002008898',1539),('7590002008904',1540),('7622210253323',1541),('7622210253408',1542),('7622210253439',1543),('7622210253507',1544),('7622210253583',1545),('7622210254436',1546),('7622210254511',1547),('7622210254559',1548),('7622210254610',1549),('7622210255471',1550),('7622210255648',1551),('7622210267818',1552),('7622210267825',1553),('7622210267849',1554),('7622210267856',1555),('7622210267863',1556),('7622210267870',1557),('7622210270795',1558),('7622210461674',1559),('7622210461704',1560),('7622210461728',1561),('7622210461742',1562),('7702018880409',1563),('7713042173283',1564),('7713042198729',1565),('7713042243474',1566),('7861002900117',1567),('7898024390107',1568),('8000500186930',1569),('8000500227749',1570);
/*!40000 ALTER TABLE `Barcode` ENABLE KEYS */;
UNLOCK TABLES;

--
-- Table structure for table `Brand`
--

DROP TABLE IF EXISTS `Brand`;
/*!40101 SET @saved_cs_client     = @@character_set_client */;
/*!40101 SET character_set_client = utf8 */;
CREATE TABLE `Brand` (
  `ID` int(11) NOT NULL AUTO_INCREMENT,
  `Name` varchar(30) NOT NULL,
  `ProviderID` int(11) NOT NULL,
  PRIMARY KEY (`ID`),
  UNIQUE KEY `Name` (`Name`),
  KEY `ProviderID` (`ProviderID`),
  CONSTRAINT `Brand_ibfk_1` FOREIGN KEY (`ProviderID`) REFERENCES `Provider` (`ID`) ON DELETE CASCADE ON UPDATE CASCADE
) ENGINE=InnoDB AUTO_INCREMENT=290 DEFAULT CHARSET=utf8;
/*!40101 SET character_set_client = @saved_cs_client */;

--
-- Dumping data for table `Brand`
--

LOCK TABLES `Brand` WRITE;
/*!40000 ALTER TABLE `Brand` DISABLE KEYS */;
INSERT INTO `Brand` VALUES (1,'ORBIT',1),(2,'M&M',2),(3,'CAMEL',3),(4,'KINDER',4),(5,'CLORALEX',5),(6,'FABULOSO',6),(7,'MALBORO',7),(8,'BOING',8),(9,'FRUTSI',9),(10,'ALPURA',10),(11,'MARINELA',11),(12,'HOLANDA',12),(13,'TIA ROSA',13),(14,'123',14),(15,'GERBER',15),(16,'COCA COLA',16),(17,'DANONE',17),(18,'LALA',18),(19,'JUMEX',19),(20,'DEL MONTE',20),(21,'DEEMINT',21),(22,'CLORETS',22),(23,'GUDUDOP',23),(24,'CANELS',24),(25,'NUCITA',25),(26,'PALL MALL',26),(27,'GENERICO',27),(28,'MANOLA',28),(29,'CHICKS',29),(30,'BONAFONT',30),(31,'CORONADO',31),(32,'TRIDENT',32),(33,'MONTANA',33),(34,'MI ARROZ',34),(35,'BUBALO',35),(36,'SEDAL',36),(37,'VAQUERA',37),(38,'DELICADOS',38),(39,'TIC TAC',39),(40,'FERRERO ROCHER',40),(41,'KRANNY',41),(42,'YAVAROS',42),(43,'USHER',43),(44,'RICOLINO',44),(45,'BOCADIN',45),(46,'DEL VALLE',46),(47,'LA FINA',47),(48,'GATORADE',48),(49,'CRESPO',49),(50,'SAURI',50),(51,'X-TRA',51),(52,'MARGARINA',52),(53,'DOVE MILK',53),(54,'DURACELL',54),(55,'MARUCHAN',55),(56,'PHILLIPS',56),(57,'BIMBO',57),(58,'BIC',58),(59,'PURE WHITE',59),(60,'VALENTINA',60),(61,'PETALO',61),(62,'BARCEL',62),(63,'SKARCH',63),(64,'HEINZ',64),(65,'ARIZONA',65),(66,'TAJIN',66),(67,'SANISSIMO',67),(68,'WALLET',68),(69,'PERFECT COLOR',69),(70,'PEDIGREE',70),(71,'PELON',71),(72,'MALVABON',72),(73,'BREMEN',73),(74,'DE LA ROSA',74),(75,'BIG MIX',75),(76,'GUMMY',76),(77,'CONONUGS',77),(78,'COCONUGS',78),(79,'LUCAS',79),(80,'PULPARINDO',80),(81,'VAMPIRO',81),(82,'SQUIRT',82),(83,'SAN JUAN',83),(84,'MUNDET',84),(85,'JARRITOS',85),(86,'ZUBA',86),(87,'CORONA',87),(88,'AVE',88),(89,'PEPSI',89),(90,'WINIS',90),(91,'KLASS',91),(92,'CHARRAS',92),(93,'TURIN',93),(94,'ACT II',94),(95,'KIYAKIS',95),(96,'ARELOS',96),(97,'CHUTAZO',97),(98,'GOMITA',98),(99,'LA CORONA',99),(100,'JUIZZY',100),(101,'REY SANTIAGO',101),(102,'RED COLA',102),(103,'TEMPTATION',103),(104,'BURBU',104),(105,'MAXIMA PREMIUM',105),(106,'CHARLY',106),(107,'NESTLE',107),(108,'FASHION',108),(109,'EYEBROW',109),(110,'BROWS',110),(111,'HEBLEE',111),(112,'SANIYE',112),(113,'GLITTER',113),(114,'FIXER',114),(115,'CHIYODA',115),(116,'PANASONIC',116),(117,'SANGRIA',117),(118,'NATURELA',118),(119,'BOLD',119),(120,'ACE',120),(121,'CREST',121),(122,'MAESTRO LIMPIO',122),(123,'SALVO',123),(124,'SABRITAS',124),(125,'GAMESA',125),(126,'WONDER',126),(127,'MILPA REAL',127),(128,'PRINCIPE',128),(129,'MANTECHOX',129),(130,'CANAPINAS',130),(131,'FLORENTINA',131),(132,'SENZAO',132),(133,'BOMBITOS',133),(134,'ARCOIRIS',134),(135,'CHOCO',135),(136,'NESCAFE',136),(137,'COFFEE MATE',137),(138,'ZEST',138),(139,'ESCUDO',139),(140,'PEPTO BISMOL',140),(141,'PANTENE',141),(142,'ABUELITA',142),(143,'HERDEZ',143),(144,'MC CORNICK',144),(145,'BUFALO',145),(146,'MAIZENA',146),(147,'KNORR',147),(148,'ADES',148),(149,'ARIEL',149),(150,'KELLOGGS',150),(151,'CHOCO KRISPIS',151),(152,'TREATS',152),(153,'ALKA SELTZER',153),(154,'ASPIRINA',154),(155,'REY PACK',155),(156,'PRESTOBARBA',156),(157,'GUILLET',157),(158,'RANCHERITOS',158),(159,'TOSTITOS',159),(160,'CHURRUMAIS',160),(161,'CHEETOS',161),(162,'AMI',162),(163,'PAU-PAU',163),(164,'IBARRA',164),(165,'LA COSTEÑA',165),(166,'KLEENEX',166),(167,'DELSEY',167),(168,'ABSORSEC',168),(169,'LA MODERNA',169),(170,'SABA',170),(171,'REGIO',171),(172,'NUTRILECHE',172),(173,'SAN MARCOS',173),(174,'PINOL',174),(175,'ROMA',175),(176,'ZOTE',176),(177,'ROSA VENUS',177),(178,'TERSSO',178),(179,'MANILVA',179),(180,'BLANCA NIEVES',180),(181,'OSRAM',181),(182,'LATTE',182),(183,'BITES',183),(184,'PETITS',184),(185,'SKATE',185),(186,'CHOX',186),(187,'RENDIDOR',187),(188,'GABI',188),(189,'MANZANITA SOL',189),(190,'MIRINDA',190),(191,'CONGA',191),(192,'Z-UP',192),(193,'NUTRIPLUS',193),(194,'BENEGASTROL',194),(195,'ACTIVIA',195),(196,'BONAFINA',196),(197,'RANCHERITO',197),(198,'COLORFIEL',198),(199,'PALMOLIVE',199),(200,'COLGATE',200),(201,'EVEREADY',201),(202,'YOPLAIT',202),(203,'ANCLA',203),(204,'TUNY',204),(205,'PICOT',205),(206,'DOLORES',206),(207,'MORELOS',207),(208,'LEGAL',208),(209,'CLEMENTE',209),(210,'SPRITE',210),(211,'FANTA',211),(212,'FRESCA',212),(213,'DELAWARE',213),(214,'CIEL',214),(215,'POWERADE',215),(216,'FUZE TEA',216),(217,'COCO',217),(218,'LECHERA',218),(219,'NEGRA',219),(220,'VANISH',220),(221,'CARNATION',221),(222,'MORELIA',222),(223,'MODELO',223),(224,'4 ESTRELLAS',224),(225,'3 ESTRELLAS',225),(226,'CLOROX',226),(227,'GUGARIN',227),(228,'AGUAFIEL',228),(229,'PEÑAFIEL',229),(230,'MASECA',230),(231,'DEL FUERTE',231),(232,'TOKAI',232),(233,'ELECTROPURA',233),(234,'POWER PUNCH',234),(235,'KOLA LOKA',235),(236,'CHEMISSE',236),(237,'CORNETO',237),(238,'MAX',238),(239,'CRUSH',239),(240,'VIVA',240),(241,'MAS COLOR',241),(242,'PERT',242),(243,'SANTA CLARA',243),(244,'CONVERMEX',244),(245,'PUNKY',245),(246,'TEHUACAN',246),(247,'CHEN',247),(248,'KIPI',248),(249,'EL OLIVO',249),(250,'QUAKER',250),(251,'KOTEX',251),(252,'VOGUE',252),(253,'SANTO CRISTO',253),(254,'SAN FELIPE',254),(255,'REYMA',255),(256,'GIL',256),(257,'CLIPPER',257),(258,'FUN FUN',258),(259,'CHECHITOS',259),(260,'CHECHI',260),(261,'EXIS',261),(262,'OLE',262),(263,'XTREME',263),(264,'CEL',264),(265,'EGO',265),(266,'FRUTIMAX',266),(267,'ALUPRACTICK',267),(268,'CATCH-A MAX',268),(269,'ETCO',269),(270,'SNICKERS',270),(271,'MILKY WAY',271),(272,'WISKAS',272),(273,'RIKO POLLO',273),(274,'VIVE 100',274),(275,'CHOCO MILK',275),(276,'SAVILE',276),(277,'CAMAY',277),(278,'HELLMANS',278),(279,'NATURELLA',279),(280,'IGOTO',280),(281,'AXION',281),(282,'SUAVITEL',282),(283,'CAPRICE',283),(284,'HEAD & SHOULDERS',284),(285,'TANG',285),(286,'HALLS',286),(287,'D\'GARI',287),(288,'HERSHEY\'S',288),(289,'ENTENMANN\'S',289);
/*!40000 ALTER TABLE `Brand` ENABLE KEYS */;
UNLOCK TABLES;

--
-- Table structure for table `Employee`
--

DROP TABLE IF EXISTS `Employee`;
/*!40101 SET @saved_cs_client     = @@character_set_client */;
/*!40101 SET character_set_client = utf8 */;
CREATE TABLE `Employee` (
  `ID` int(11) NOT NULL AUTO_INCREMENT,
  `Salary` double NOT NULL,
  `Name` varchar(30) NOT NULL,
  `Surnames` varchar(30) NOT NULL,
  `Email` varchar(30) NOT NULL,
  `Password` char(32) NOT NULL,
  `isAdmin` tinyint(1) NOT NULL,
  PRIMARY KEY (`ID`),
  UNIQUE KEY `Email` (`Email`)
) ENGINE=InnoDB DEFAULT CHARSET=utf8;
/*!40101 SET character_set_client = @saved_cs_client */;

--
-- Dumping data for table `Employee`
--

LOCK TABLES `Employee` WRITE;
/*!40000 ALTER TABLE `Employee` DISABLE KEYS */;
/*!40000 ALTER TABLE `Employee` ENABLE KEYS */;
UNLOCK TABLES;

--
-- Table structure for table `Product`
--

DROP TABLE IF EXISTS `Product`;
/*!40101 SET @saved_cs_client     = @@character_set_client */;
/*!40101 SET character_set_client = utf8 */;
CREATE TABLE `Product` (
  `ID` int(11) NOT NULL AUTO_INCREMENT,
  `Name` varchar(100) NOT NULL,
  `Description` varchar(300) DEFAULT NULL,
  `PriceOfSale` double NOT NULL,
  `PriceAcquisition` double NOT NULL,
  `CurrentQuantity` double NOT NULL,
  `IDBrand` int(11) NOT NULL,
  PRIMARY KEY (`ID`),
  UNIQUE KEY `Name` (`Name`),
  KEY `IDBrand` (`IDBrand`),
  CONSTRAINT `Product_ibfk_1` FOREIGN KEY (`IDBrand`) REFERENCES `Brand` (`ID`) ON DELETE CASCADE ON UPDATE CASCADE
) ENGINE=InnoDB AUTO_INCREMENT=1571 DEFAULT CHARSET=utf8;
/*!40101 SET character_set_client = @saved_cs_client */;

--
-- Dumping data for table `Product`
--

LOCK TABLES `Product` WRITE;
/*!40000 ALTER TABLE `Product` DISABLE KEYS */;
INSERT INTO `Product` VALUES (1,'ORBIT ROJO','',1.5,1.07,6,1),(2,'ORBIT VERDE','',1.5,1.07,8,1),(3,'M&M ´S CHOCOLATE  47.9 G','',13,8.23,3,2),(4,'M&M CHOCOLATE','',13,8.23,11,2),(5,'CAMEL AMARILLOS CD','',50,45.5,8,3),(6,'HUEVO KINDER SORPRESA','',17,13.87,13,4),(7,'CLORALEX 500 ML','',7,5.48,15,5),(8,'CLORALEX 950 ML','',11.5,9.22,15,5),(9,'FABULOSO 500 ML FRESCA LAVANDA','',12.5,10.83,20,6),(10,'FABULOSO 500 ML  MAR FRESCO','',12.5,10.83,5,6),(11,'MALBORO CAJETILLA','',53,49,4,7),(12,'BOING MANGO 250 ML','',5.5,4.07,3,8),(13,'BOING 250 ML FRESA','',5.5,4.07,17,8),(14,'BOING GUAYABA 250 ML','',5.5,4.09,9,8),(15,'BOING MANZANA 250 ML','',5.5,4.07,12,8),(16,'BOING NARANJA 250 ML','',5.5,4.07,19,8),(17,'BOING PIÑA 250 ML','',5.5,4.07,4,8),(18,'BOING UVA 250 ML','',5.5,4.07,12,8),(19,'FRUTSI NARANJA','',7,4.66,5,9),(20,'FRUTSI  UVA','',7,4.66,5,9),(21,'FRUTSI MANZANA','',7,4.66,17,9),(22,'FRUTSI MANGO','',7,3.66,13,9),(23,'FRUTSI  FRUIT PONCHE','',7,4.66,8,9),(24,'ALPURA FRESA DE 250 ML','',8,6.4,10,10),(25,'ALPURA VAINILLA 250 ML','',8,6.4,16,10),(26,'ALPURA DE CHOCOLATE 250 ML','',8,6.4,16,10),(27,'CANELITAS 60 G','',13,11.3,9,11),(28,'NAPOLITANO 70 G','',10,8.1,1,12),(29,'POLVORONES 75 G','',13,0,18,13),(30,'CHOCO ROLES','',14,12.9,10,11),(31,'ACEITE 1-2-3  1 LTS. 12/1 LTS','',27,24.57,3,14),(32,'BOING MANGO 500 ML','',8.5,6.52,9,8),(33,'BOING GUAYABA 500 ML','',8.5,6.52,2,8),(34,'BOING DE TAMARINDO 500 ML','',8.5,6.52,10,8),(35,'BOING MANZANA 500 ML','',8.5,6.52,20,8),(36,'BOING FRESA 500 ML','',8.5,6.52,3,8),(37,'BOING DE NARANJA 500 ML','',8.5,6.52,7,8),(38,'BOING UVA 500 ML','',8.5,6.52,14,8),(39,'GERBER  DURAZNOS 100 G','',10,8.29,18,15),(40,'GERBER MANZANA','',10,8.29,10,15),(41,'GERBER PERA','',10,8.29,9,15),(42,'GERBER FRUTAS TROPICALES','',10,8.29,15,15),(43,'GERBER MIXTAS 100 G','',10,8.29,6,15),(44,'GERBER MANGO','',10,8.29,7,15),(45,'COCA TAQUERA IMPORTE 10 PESOS','',8,7.23,9,16),(46,'ACEITE 1-2-3  500 ML','',14.5,12.71,12,14),(47,'COCA 600 ML','',13,11.62,15,16),(48,'GELATINA DANY FRESA','',5,3.44,13,17),(49,'DANY PIÑA','',5,3.44,14,17),(50,'GELATINA DANY LIMON','',5,3.44,18,17),(51,'LECHE CHOCOLATE 250 ML DE LALA (YOMI)','',8,5.71,11,18),(52,'LECHE YOMI LALA FRESA 250 ML','',8.5,7.5,7,18),(53,'COCA 500 ML','',10,8.79,10,16),(54,'JUMEX MANZANA 250 ML','',6,4.8,12,19),(55,'JUMEX MANGO 200 ML','',6,4.8,16,19),(56,'JUMEX MANZANA  200 ML','',6,4.8,17,19),(57,'JUMEX DURAZNO 200 ML','',6,4.8,20,19),(58,'FLAN DANNET','',5.5,4.44,2,17),(59,'PURE DE TOMATE DEL MONTE 210 GRS','',6,5.1,5,20),(60,'M&M ´S MINIS TRIANGULITO VITRO','',2.5,0,20,2),(61,'DEEMINT MENTA','',1,0.68,17,21),(62,'DEEMINT CERT 2´S FRESA','',1,0.68,15,21),(63,'CLORETS CAJITA 2 PZAS','',1,0.46,7,22),(64,'CLORETS 4´S MENTA','',1.5,1,12,22),(65,'DANONINO 180 G','',4,2.94,6,17),(66,'GUDUPOP AZUL,CHILE,CAJETA,MULTI','',1.5,0.79,6,23),(67,'CANELS DE 4 PASTILLAS ROSA','',0.75,0.45,19,24),(68,'CANELS DE 4 PASTILLAS CANELA','',0.75,0.45,1,24),(69,'CANELS DE 4 PASTILLAS VERDE','',0.75,0.42,11,24),(70,'CANELS DE 4 PASTILLAS AZUL','',0.75,0.42,8,24),(71,'CANELS DE 4 PASTILLAS VIOLETA','',0.75,0.42,2,24),(72,'NUCITA 4','',1.5,1.15,9,25),(73,'NUCITA TRI SABOR','',1.5,0.92,14,25),(74,'NUCITA TRISABOR CHOCOLATE Y FRESA','',1.5,0.92,2,25),(75,'NUCITA VAINILLA Y CHOCOLATE','',1.5,0.86,2,25),(76,'GELATINA DANY UVA','',5,3.44,19,17),(77,'DANY MANDARINA','',5,3.44,12,17),(78,'PALL MAL MENTOLADO VERDE','',44,39.33,16,26),(79,'CLORETS 4 PASTILLA METALICO','',1.5,1,12,22),(80,'GUDUPOP','',1.5,0.79,7,23),(81,'DANETTE CHOCOLATE NATILLA','',5.5,4.4,3,17),(82,'CANELS CLOROFILA 2 PASTILLA','',0.75,0,19,24),(83,'DANETTE VAINILLA','',5.5,4.4,18,17),(84,'PALL MALL FRESH','',44,39.33,14,26),(85,'SALVAVIDAS','',5.5,4.2,17,27),(86,'GELATINA DE LECHE VAINILLA','',5.5,0,8,17),(87,'CERILLOS MANOLA','',1.5,0.96,15,28),(88,'CERILLOS CLASICOS','',2,1.22,8,27),(89,'CHICLE CHICKS','',0.5,0.33,16,29),(90,'PALETA TARRITO VERO','',1.5,1.05,7,27),(91,'AGUA BONAFONT 300 ML','',4.5,3.4,10,30),(92,'AGUA BONAFONT 300 ML MANZANA','',6,5.58,13,30),(93,'AGUA BONAFONT 300 ML UVA','',6.5,5.5,9,30),(94,'AGUA BONAFONT 300 ML NARANJA','',6.5,5.5,8,30),(95,'AGUA BONAFONT 250 ML','',4.5,3,8,30),(96,'ORBIT AZUL F','',1.5,1.07,18,1),(97,'ORBIT AZUL B','',1.5,1.07,5,1),(98,'YOMI LALA CHOCOLATE 250 ML','',8.5,7.5,3,18),(99,'YOMI LALA VAINILLA 250 ML','',8.5,7.5,3,18),(100,'AGUA BONAFONT KIDS MANGO','',6,0,2,30),(101,'OBLEAS CORONADO 9 GRS','',1.5,1.15,16,31),(102,'TRIDENT WHITE 4 P. MENTA','',2,1.14,9,32),(103,'TRIDENT WHITE 4 P FRESA','',2,1.14,6,32),(104,'TRIDENT WHITE 4 P. MORA','',2,1.14,17,32),(105,'MONTANA LUCKY STRIKE 20 PZAS','',44,40.55,19,33),(106,'MONTANA SHOTS 24','',44,39.33,20,33),(107,'MI ARROZ ROJO  SAZONADOR 17 G','',5,4.07,13,34),(108,'LIMON 7','',3,2.52,19,27),(109,'CLORETS 4 PASTILLAS','',1.5,0.75,13,22),(110,'BUBALO FRESA','',1,0.68,7,35),(111,'BUBALO TUTI FRUTI','',1,0.68,13,35),(112,'BUBALO MENTA','',1,0.68,12,35),(113,'BUBALO MORA AZUL','',1,0.68,17,35),(114,'BUBALO PLATANO','',1,0.68,2,35),(115,'PALL MALL/XL 20 PZAS','',44,39.33,10,26),(116,'PALL MALL MORA','',44,39.33,12,26),(117,'CATSUP DEL MONTE 320 GRS','',12.5,9.9,1,20),(118,'CREMA PARA PEINAR SEDAL','',2,0.89,19,36),(119,'TRIDENT WHITE 4 P. FRUTI MIX','',2,1.14,11,32),(120,'LUCKY STRIKE','',44,40.55,8,27),(121,'PALL MAL PEPINO','',44,39.33,20,26),(122,'AGUA BONAFONT NATURAL 300 ML','',4,3,15,30),(123,'SaleRO AZUL','',3.5,2.52,18,27),(124,'VAQUITA MINI','',1,0.75,3,37),(125,'BUBALO ACIDO ATOMICO','',1,0.68,16,35),(126,'SHOTS 14 PZAS','',28,21.08,9,27),(127,'PALL MALL MANGO MORA','',44,39.33,15,26),(128,'DELICADOS CON FILTRO 24 PZAS','',44,41.04,4,38),(129,'TIC TAC NARANJA','',6.5,4.94,4,39),(130,'TIC TAC MENTA','',6.5,4.94,6,39),(131,'FERRERO ROCHER CADA UNO 3 PZAS','',23,18.54,1,40),(132,'KINDER DELICE','',10,6.85,5,4),(133,'FERRERO 5 PZAS','',43,34.48,10,40),(134,'PERLAS BRONCEADORAS','',24,15,1,27),(135,'ROCKO 44 GRS','',5,4.14,4,27),(136,'KRANKY MINI 15 GRS','',2.5,1.53,16,41),(137,'SARDINA YAVAROS','',24,21.94,8,42),(138,'CHICLE CANELS 4 PASTILLAS','',0.75,0.42,2,24),(139,'BOING DURAZNO 250 ML','',5.5,4.07,6,8),(140,'BOING 250 ML GUAYABA','',5.5,4.07,9,8),(141,'BOING 250 ML MANZANA','',5.5,4.07,8,8),(142,'BOING 250 ML UVA','',5.5,4.07,17,8),(143,'BOING DE MANZANA 500 ML','',8.5,6.52,6,8),(144,'PASTILLAS USHER','',0.5,0.23,16,43),(145,'LUNETAS RICOLINO','',3,2.35,3,44),(146,'BOCADIN','',1.5,0.89,11,45),(147,'DEL VALLE GENEROSA MANGO','',11,8.33,20,46),(148,'DEL VALLE GENEROSA DURAZNO','',11,8.33,13,46),(149,'DEL VALLE GENEROSA MANZANA AMARILLA','',11,8.33,14,46),(150,'JUGO VALLE MANZANA ROJA GENEROSA','',11,8.33,14,46),(151,'SAL LA FINA 1KG','',11,9.28,8,47),(152,'GATORADE CON TAPA 350 ML','',10,7.5,13,48),(153,'GATORADE NARANJA CHUPON 600 ML','',18,15.03,4,48),(154,'GATORADE LIMONADA CHUPON 600 ML','',18,15.03,7,48),(155,'GATORADE LIMA LIMON  600 ML CHUPON','',18,15.03,9,48),(156,'GATORADE MANZANA 600 ML CHUPON','',18,15.03,14,48),(157,'GATORADE PURPLE C/TAPA','',16,13.89,10,48),(158,'GATORADE BLUE CON TAPA  500 ML','',16,12.65,3,48),(159,'GATORADE LIMONDA 600 ML CHUPON','',18,15.03,13,48),(160,'GATORADE CHUPON MANGO','',18,15.03,3,48),(161,'GATORADE CHUPON LIMA-LIMON','',18,15.03,12,48),(162,'GATORADE CHUPON MANDARINA','',18,15.03,20,48),(163,'GATORADE C/CHUPON FRESA-SANDIA','',18,15.99,6,48),(164,'GATORADE NARANJA 1 LTS','',23,17.25,11,48),(165,'GATORADE LIMONADA 1 LTS','',23,17.25,11,48),(166,'GATORADE LIMA-LIMON 1 LTS','',23,17.25,16,48),(167,'GATORADE CHUPON UVA','',23,17.25,9,48),(168,'GATORADE CON TAPA NARANJA','',16,12.65,19,48),(169,'GATORADE LIMONADA CON TAPA 500 ML','',16,12.65,6,48),(170,'GATORADE CON TAPA LIMA LIMON','',16,12.65,18,48),(171,'GATORADE CON TAPA UVA','',16,12.65,16,48),(172,'GATORADE CON TAPA MANDARINA','',16,12.65,15,48),(173,'GATORADE PONCHE DE FRUTAS CON TAPA','',16,12.65,5,48),(174,'AGUA MINERAL GARCI CRESPO 600 ML','',9,7.5,8,49),(175,'SAURI CHOCOLATE 27 GRS','',1.5,1.11,12,50),(176,'TROYANAS 80 GRS','',7,4.4,16,27),(177,'X-TRA NIEVES FRESA','',2,1.1,8,51),(178,'X-TRA NIEVES CHOCOLATE','',2,1.1,8,51),(179,'MARIANITAS COCO 185','',9,6.18,4,52),(180,'DOVE DARK CHOCOLATE','',13,11,11,53),(181,'PILA DURACEL AAA','',17,13.32,18,54),(182,'PILA DURACEL AA','',15,12.12,8,54),(183,'MARUCHAN  CHILE HABANERO','',8.5,6.71,5,55),(184,'MARUCHAN POLLO','',8.5,6.75,13,55),(185,'MARUCHAN  RES','',8.5,6.75,5,55),(186,'MARUCHAN  CAMARÓN','',8.5,6.75,4,55),(187,'MARUCHAN CAMARÓN CON CHILE','',8.5,6.75,9,55),(188,'NUCITA CHOCOLATE VAINILLA','',1.5,0.86,11,25),(189,'NUCITA','',1.5,0.86,14,25),(190,'FOCO HALOGENO 72 W PHILIPS','',18.5,15.5,6,56),(191,'DURAZNO CORINA 820 GRS','',36,31.58,20,57),(192,'RASTRILLO BIC TWIN','',7,4.81,2,58),(193,'RASTRILLO BIC COMFORT 3','',17,13.87,15,58),(194,'MONSTER ENERGY','',30,0,5,27),(195,'BUBU LUBU 20 GRS','',3,1.54,18,44),(196,'MENTOS PURE WHITE','',6,3.65,8,59),(197,'JUGOS DE SABOR DULCES','',2,1.27,6,46),(198,'SALSA VALENTINA AMARILLA 370 ML','',10,8.04,13,60),(199,'SALSA VALENTINA NEGRA 370 ML','',10,7.95,4,60),(200,'SERVILLETA PREMIER 125 PZAS','',9.5,7.58,12,61),(201,'RUNNERS XTREME','',8,6.05,17,62),(202,'PELUCHE EN BOLSA','',26,20,18,27),(203,'ESPEJITO','',12,0,19,27),(204,'LIBRETA DE DIRECCIONES','',15,10,6,27),(205,'AGUA SKARCH 10 LTS','',21,0,4,63),(206,'CATSUP HEINZ','',12,9.9,8,64),(207,'ARIZONA SANDIA','',11,9.07,8,65),(208,'TAJIN EN POLVO CLASICO 150 G','',23,19.74,7,66),(209,'TOSTADAS SANISSIMO 216 GRS','',26,21,20,67),(210,'SALMAS DE MAIZ 90 GRS','',12,0,15,27),(211,'CHOCOLATES WALLET 17 PZAS','',75,60,5,68),(212,'PERFECT COLOR HEBLEE','',24,15,3,69),(213,'PEDIGREE ADULTO BOLSA INDIV 420 GRS','',18,14.87,8,70),(214,'PEDIGREE BALANCE NATURAL 420 G','',18,15,4,70),(215,'PEDIGREE','',36,0,14,70),(216,'SOBRE PEDIGREE RES ADULTO','',10,6.64,12,70),(217,'PEDIGRE ADULTO BOLSITA RES','',10,6.64,17,70),(218,'PEDIGRE ADULTO BOLSITA POLLO','',10,6.64,2,70),(219,'PELON PELO RICO TAMARINDO','',5,0,11,71),(220,'PELON PELO RICO MANGO','',5,0,7,71),(221,'PELON PELO RICO CHAMOY','',5,0,3,71),(222,'MALVABON 22 GRS','',2.5,1.52,2,72),(223,'PALETA MALVA BONY','',1.5,0.78,12,27),(224,'MINI MAVABON 10 G','',1.5,0.81,19,62),(225,'CACAHUATE JAPONES NISHIYAMA DE LA ROSA','',4.5,3.19,3,62),(226,'MINI MINI MALVAVISCO BIANCHI','',2,1.53,2,62),(227,'MALVAVISCO COLORES TRENZA','',0.5,0.16,3,73),(228,'CHOCOLATE STICK DE LA ROSA','',2,1.3,3,74),(229,'CHOCOLATE SUIZO DE LA ROSA','',4,2.73,16,74),(230,'BI RICO','',1.5,0,1,75),(231,'STICK SUIZO DE LA ROSA','',2,1.3,14,74),(232,'GUMMY POP','',2.5,0,15,76),(233,'COCONUGS  28 G','',3.5,2.33,9,77),(234,'COCONUGS','',3.5,2.39,7,78),(235,'MAZAPAN DE LA ROSA CHICO 12.5','',1,0.74,2,74),(236,'MUECAS CHAMOY 10/25 GR','',5,3.7,13,79),(237,'MUECAS MANGO 10/25 GR','',5,3.7,13,79),(238,'PULPARINDO 14 GRS','',1.5,1.01,16,80),(239,'CACAHUATES JAPONES KIMONO','',10,8.4,8,62),(240,'GELATINA GARY DE AGUA 200 GRS.ANIS','',9.5,7.41,12,287),(241,'GELATINA GARY DE AGUA 200 GRS. GROSELLA','',9.5,7.47,9,287),(242,'GELATINA GARY DE AGUA 200 GRS. JEREZ','',9.5,7.41,10,287),(243,'GELATINA GARY DE AGUA 200 GRS. LIMON','',9.5,7.41,11,287),(244,'GELATINA GARY DE AGUA 200 GRS. NARANJA','',9.5,7.41,8,287),(245,'GELATINA GARY DE AGUA 200 GRS.  NUEZ','',9.5,7.41,9,287),(246,'GELATINA GARY DE AGUA 200 GRS. PIÑA','',9.5,7.41,15,287),(247,'GELATINA GARY DE AGUA 200 GRS. PISTACHE','',9.5,7.41,6,287),(248,'GELATINA GARY DE LECHE 200 GRS. ROMPOPE','',9.5,7.47,6,287),(249,'GELATINA GARY DE AGUA 200 GRS. UVA','',9.5,7.26,18,287),(250,'GELATINA GARY DE AGUA 200 GRS. FRESA','',9.5,7.26,17,287),(251,'GELATINA GARY DE AGUA 200 GRS.PIÑA','',9.5,7.26,11,287),(252,'GELATINA GARY DE LECHE 200 GRS. PISTACH','',9.5,7.26,14,287),(253,'GELATINA GARY DE LECHE 200 GRS. VAINILL','',9.5,7.26,2,287),(254,'GELATINA GARY MANZANA','',9.5,7.26,1,287),(255,'VAINILLA GARY 250 ML','',9.5,7.26,1,27),(256,'SALSA BOTANERA 1.5 LTS','',22,17.8,6,27),(257,'LENGUAS DE GATO 90 GRS','',20,15,3,27),(258,'CEREZAS AL LICOR','',25,20,8,27),(259,'MALVAVISCO BREMEN 130 GRS','',27,20,12,73),(260,'NEW MIX VAMPIRO','',14.19,12.19,8,81),(261,'NEW MIX SQUIRT 350ML','',14.5,12.19,9,82),(262,'LUZ ETERNA CHICA','',7,5.81,14,27),(263,'VELADORA LUZ ETERNA VASO LIMONERO','',18.5,15.96,14,83),(264,'VASO LIMONERO AZUL','',13,10.7,1,27),(265,'SIDRAL AGA','',15,13.29,7,84),(266,'JARRITOS 600 ML LIMON','',8,7.07,12,85),(267,'JARRITOS 600 ML MANDARINA','',8,7.07,13,85),(268,'JARRITOS 600 ML PIÑA','',8,7.07,12,85),(269,'JARRITOS 600 ML TUTIFRUTI','',8,7.07,13,85),(270,'JARRITOS 600 ML TAMARINDO','',8,7.07,16,85),(271,'JARRITOS TORONJA 2 LTS','',16,13.29,1,85),(272,'JARRITO TORONJA 600 ML','',8,7.07,11,85),(273,'JARRITO  2 LTS TAMARINDO','',16,13.29,3,85),(274,'JARRITO  2 LTS MANDARINA','',16,13.29,11,85),(275,'JARRITO 2 LTS PIÑA','',16,13.29,16,85),(276,'JARRITO  2 LTS LIMON','',16,13.29,11,85),(277,'JARRITO 2 LTS TUTIFRUTI','',16,13.29,14,85),(278,'ZUBA 2 LTS','',16,0,20,86),(279,'PALETON CORONA','',4.5,3.14,6,87),(280,'ACEITE AVE 500 ML','',12,10.33,4,88),(281,'MORDISKO KROC','',25,0,5,12),(282,'PEPSI 2.5 LTS','',22,0,5,89),(283,'PLATO PASTELERO UNICEL NO. 6 25/20 JAGUAR','',7.5,5.35,11,27),(284,'PLATO POZOLERO PH8 JAGUAR','',12,9.07,8,27),(285,'CHAROLA TERMICA  855 JAGUAR','',17,14.29,4,27),(286,'WINIS SABORES SURTIDOS GRANDE','',2.5,1.46,4,90),(287,'WINIS MINI SABORES SURT','',1.5,0.9,13,90),(288,'KLASS LIMONADA','',3,1,9,91),(289,'KLASS JAMAICA','',3,1,7,91),(290,'KLASS TAMARINDO','',3,1,1,91),(291,'KLASS HORCHATA','',3,1,2,91),(292,'WINIS CEREZA 10.4 G','',1.5,0.9,19,90),(293,'WINIS LIMON 10.4 G','',1.5,0.9,7,90),(294,'MINI WINIS NARANJA 10.4','',1.5,0.9,17,62),(295,'WINIS UVA 10.4 G','',1.5,0.9,17,90),(296,'WINIS MANGO','',2.5,1.46,15,90),(297,'WINIS CUADRETA AZUL','',2.5,1.46,20,90),(298,'WINIS LIMON GDE','',2.5,1.46,14,90),(299,'WINIS SANDIA','',2.5,1.46,9,90),(300,'TOSTADA CHARRAS  ORIGINAL 325 G','',21,18.14,1,92),(301,'TOSTADA FIESTA CHARRA 275 G','',21,18.3,14,92),(302,'CONEJO TURIN CHOCOLATE','',8,6,1,93),(303,'CHIPS EXTRA CRUNCH 3 QUESOS','',17.5,8.86,10,62),(304,'HOT NUTS FUEGO','',8,6.72,15,62),(305,'CHIPS FUEGO','',12,10.07,12,62),(306,'CHIPS FUEGO 170 GRS','',33,0,12,62),(307,'BIG MIX 80 G','',10,8.4,20,75),(308,'CHIPS SALSA INGLESA','',12,10.07,17,62),(309,'PALETA TAKIS FUEGO','',3,0,10,27),(310,'RUNNERS MONSTER','',8,6.05,8,62),(311,'TAKIS FUEGO AZUL','',10,8.4,15,62),(312,'BIG MIX FUEGO','',10,8.4,8,75),(313,'HOT NUTS ORIGINAL','',10,8.4,14,62),(314,'GOLDEN NUTS ENCHILADO','',10,8.4,17,62),(315,'TAKIS ROCKO','',10,8.4,1,62),(316,'BIG MIX PARTY 100 G','',15,12.61,11,75),(317,'HOT NUTS SALADOS 80 GRS','',10,8.4,17,62),(318,'POP FUEGO','',5,4,17,62),(319,'PAPATINAS FUEGO','',6,5.07,9,62),(320,'HOT NUTS CHIPOTLE','',8,6.72,5,62),(321,'BIG MIX QUESO','',10,8.4,3,75),(322,'TAKIS LIMON','',10,8.4,13,62),(323,'PALOMITAS BARCELDE KARAMELO GRANDES','',12,10.07,15,94),(324,'BIG MIX CLASICO','',10,8.4,12,75),(325,'KIYAKIS 45 GRS','',6,5.04,19,95),(326,'POP MAGO CHILE 50  GRS BARCEL','',6,4.43,1,62),(327,'PANDITAS','',7,6.24,14,27),(328,'TAKIS COBRA','',10,8.4,17,62),(329,'HOT NUTS HABANERO 50 GRS','',8,6.71,14,62),(330,'BIG MIX JALAPEÑO','',10,8.4,16,75),(331,'CHIPS SAL DE MAR','',12,10.07,10,62),(332,'CHIPS JALAPEÑO','',12,10.07,1,62),(333,'CHIPS A LA DIABLA 42 GRS','',12,10.07,16,62),(334,'CHIPS FUEGO LIMON','',12,10.07,14,62),(335,'ARELOS','',6,5,17,96),(336,'CHOCOLATES CHUTAZO','',10,7.8,10,97),(337,'CANASTA CORONA 4 P','',5,3.9,7,87),(338,'POLLITOS LA CORONA','',5,3.9,7,87),(339,'MONEDAS','',5,3.9,7,27),(340,'GOMITA CONFITADA XTREME','',5,3.9,16,98),(341,'HUEVITOS LA CORONA 36 GRS','',5,3.9,13,99),(342,'CHICLOSOS CAJETA  CORONADO 4 P','',5,0,14,31),(343,'OBLEAS CORONADO 14 GRS 2 PZAS','',5,3.9,8,31),(344,'RELLERINDOS','',5,3.9,14,27),(345,'GOMITA GIGANTE VERO PICA FRESA','',5,3.9,4,98),(346,'CHICKS CHICLETS','',5,3.9,3,27),(347,'CHIPS ADOBADAS 50 GRS','',12,10.07,15,62),(348,'CHIPS FUEGO LIMON 50 GRS','',12,10.07,4,62),(349,'CHIPS JALAPEÑO 50 GRS','',12,10.07,16,62),(350,'CHIPS SAL 50 GRS','',11,10.07,16,62),(351,'CACAHUATES SALADOS','',10,7.79,9,62),(352,'CACAHUATE KIMONO ENCHILADO','',10,7.79,6,62),(353,'TOP GUMMI GOMITAS AROS','',10,7.79,4,27),(354,'TOP GUMMI RANA','',10,7.79,17,27),(355,'TOP  GUMMI SHARK','',10,7.9,18,27),(356,'AGUA BONAFONT 1.5 LTS','',11,6.76,9,30),(357,'AGUA BONAFONT 600 ML','',7,4.73,9,30),(358,'AGUA BONAFONT 20 LTS','',40,37,8,30),(359,'LEVITE JAMAICA 1.5 LTS','',16,11.25,7,30),(360,'AGUA BONAFONT LEVITE LIMON 500 ML','',8,5.63,18,30),(361,'AGUA LEVITE JAMAICA 500 ML','',8,5.63,19,30),(362,'AGUA DE LEVITE 1 1/2 LTS LIMON','',16,10.61,17,30),(363,'AGUA BONAFONT 500 ML','',7,4.02,4,30),(364,'LEVITE NARANJA','',16,10.61,17,30),(365,'LEVITE MANZANA VERDE 1.5 LTS','',16,10.61,13,30),(366,'AGUA BONAFONT LEVITE  FRESA500 ML','',8,5.63,5,30),(367,'LEVITE FRESA 1.5 LTS','',16,10.61,17,30),(368,'JUGO BONAFONT JUIZZY NARANJA 1.5 LTS','',16,11.79,12,30),(369,'JUIZZY JAMAICA 1.5 LTS','',16,11.79,20,100),(370,'LEVITE JAMAICA 500 ML','',8,5.63,7,30),(371,'LEVITE MANGO 1.5','',16,10.61,9,30),(372,'AGUA BONAFONT 1 LTS','',9,5.83,2,30),(373,'LEVITE PIÑA-COCO 500 ML','',8,5.63,11,30),(374,'LEVITE PIÑA COCO 1.5 LTS','',16,10.61,2,30),(375,'AGUA LEVITE GUAYABA 500 ML','',8,5.63,19,30),(376,'JUGO BONAFONT JUIZZY GUAYABA 1.5 LTS','',16,11.79,11,30),(377,'LEVITE UVA VERDE 500 ML','',8,5.63,15,30),(378,'NARANJADA BONAFONT 600M','',7,6,12,30),(379,'AGUA BONAFONT LEVITE  FRESA600 ML','',8,6.42,11,30),(380,'CHILPICOSO SANDIA','',2,1.18,13,27),(381,'CHILPICOSO CHAMOY','',2,1.18,9,27),(382,'PALETA BOLA FUEGO','',1,0,6,27),(383,'MOLCAJETES MANGO','',2.5,1.25,5,27),(384,'MOLCAJETES FRESA','',2.5,1.25,16,27),(385,'MOLCAJETES PIÑA','',2.5,1.25,20,27),(386,'MOLCAJETES TAMARINDO','',2.5,1.25,4,27),(387,'PALETA MARAMANGO','',1,0,7,27),(388,'MAIZ POZOLERO REY SANTIAGO','',15,11.5,15,101),(389,'DEDOS INDY','',2.5,1.65,7,27),(390,'RED COLA 3 LTS','',21,18,6,102),(391,'CHOCOLATE TEMPTATION CACAHUATE','',26,17,16,103),(392,'CHOCOLATE TEMPTATION DARK','',26,17,5,103),(393,'CHOCOLATE TEMPTATION COOKIES & CEAM','',26,17,4,103),(394,'SaleRO','',3.5,2.52,14,27),(395,'PALETA CHIPILETA','',1.5,1.1,3,27),(396,'PALETA BURBU SODA AZUL','',1.5,0,16,104),(397,'PALETA BURBU SODA ROSA','',1.5,0,5,104),(398,'BURBU SODA AMARILLA','',1.5,0,10,27),(399,'MAXIMA PREMIUM PAPEL  HIGIENICO 230 HJS','',17.5,14.4,20,105),(400,'RASTRILLO BIC CHICO','',12,0,13,58),(401,'FRUTURAS CHARLY','',9,0,1,106),(402,'BARRA NESQUICK DE NESTLE','',6,4.53,2,107),(403,'ANTI SHAKE','',24,15,2,27),(404,'FASHION HEBLEE','',48,35,9,108),(405,'PERFECT COLOR SOMBRAS','',24,15,19,69),(406,'HEBLEE EYEBROW','',45,35,7,109),(407,'BROWS HEBLEE','',48,35,15,110),(408,'SOMRAS NUDES HEBLEE','',48,35,1,111),(409,'MASCARILLA DE CARACOL','',10,7.5,5,27),(410,'MASCARILLA CARACOL DORADA','',10,7.5,10,27),(411,'MASCARILLA HIDRATANTE','',10,7.5,16,27),(412,'MASCARILLA DE AGUA DE CEREZO','',10,7.5,8,27),(413,'LAPIZ DELINEADOR','',12,7.5,13,27),(414,'PRO CONCEALER','',22,15,18,27),(415,'SOMBRAS NATURAL SANIYE','',24,15,6,112),(416,'TRUNAKED SOMBRAS SANIYE','',24,15,13,112),(417,'GLITTER','',24,15,3,113),(418,'SPRAY FIJADOR FIXER','',47,35,2,114),(419,'SOMBRAS SANIYE MAKEUP','',24,15,18,112),(420,'SOMBRAS SANIYE','',24,15,17,112),(421,'UÑAS 100 PZAS','',26,15,17,27),(422,'GELATINA GARY DE LECHE 200 GRS. PISTACHE','',9.5,7.25,11,287),(423,'GELATINA GARY DE LECHE 200 GRS.  VAINILLA','',9.5,7.25,18,287),(424,'FOCO CHIYODA 100 W','',10,7.5,15,115),(425,'GALLETA WAFER COLOMBINA fresa','',2,1,18,27),(426,'GALLETA WAFER COLOMBINA','',2,1,4,27),(427,'PILA AA PANOSONIC CADA UNA  6,50 C/U','',24,16,5,116),(428,'PILA AAA PANOSONIC CADA UNA  6.50. C/U','',24,16,9,116),(429,'SANGRIA CASERA SEÑORIAL 2 LTS','',18,15.75,7,117),(430,'SANGRIA SEÑORIAL 600 ML','',11,9.58,17,117),(431,'PEPITA CON CASCARA MAFE','',7,5,15,27),(432,'CHICHARRON DE CERDO MAFE','',13,10,18,27),(433,'FIBRA ESPONJA8 X12','',6,4.57,4,27),(434,'FIBRA MULTIUSOS','',5,3.67,19,27),(435,'ESTROPAJO CUADRADO 22 X 28 CM','',9.5,8.24,7,27),(436,'TOALLA NATURELLA 8 PZAS','',15,12.05,16,118),(437,'BOLD 3 EN 1 850 GRS AZUL','',19,14.9,8,119),(438,'ACE  900 GRS','',25.5,20.9,7,120),(439,'CREST 75 ML','',16,13.5,20,121),(440,'MAESTRO LIMPIO 500 GRS','',14.5,11.91,18,122),(441,'SALVO LIQUIDO 500 ML','',19.5,17,15,123),(442,'FRITURINAS','',9,6.5,2,27),(443,'PUKI GOMAS 45 PZAS','',1,0.8,20,27),(444,'CACAHUATE FLAMIN HOT 80 GRS','',10,0,1,62),(445,'CACAHUATE SALADO 80 GRS','',10,0,17,62),(446,'RULECITOS','',7,5.93,12,124),(447,'SALADITAS 220 GRS DUO','',15,14,18,125),(448,'CHOKIS BLACK','',12,10.18,8,125),(449,'EMPERADOR NOCTURNO','',12,8.12,7,125),(450,'CREMAX CHOCOLATE 171 GRS','',15,12.71,19,125),(451,'CREMAX FRESA 171 GRS','',15,12.71,19,125),(452,'CREMAX VAINILLA 171 GRS','',15,12.71,5,125),(453,'EMPERADOR CHOCOLATE 171 GRS','',15,12.71,12,125),(454,'EMPERADOR COMBINADO 171 GRS','',15,12.71,7,125),(455,'EMPERADOR PRIRUETAS','',15,12.71,3,125),(456,'DORADAS MARIAS 224 GRS','',15,12.71,20,13),(457,'CHETOS BIGOCHOS','',7,6,12,62),(458,'CHOKIS CLASICA 157 GRS','',15,12.71,19,125),(459,'CRACKETS 135 GRS','',11,0,14,125),(460,'DALMATA (1)','',7,6.67,9,13),(461,'CHOCOTORRO 1)','',7,6.67,1,27),(462,'TUINKY VAINILLA','',12,9.72,19,126),(463,'TUINKY DE VAINILLA','',12,9.72,3,126),(464,'TUINKY FRESA','',12,9.72,3,126),(465,'TOSTADA PLANA 175 G (5)','',10,9,1,127),(466,'BRAN FRUT','',8,6.56,5,57),(467,'PAN BLANCO CHICO 395 G','',20,16.6,14,57),(468,'TORTILLINAS TR (10) 260 G','',13,10.6,7,13),(469,'TORTILLINAS TR (20) 520 G','',23,18.6,14,13),(470,'PAN INTEGRAL CHICO','',26,21.92,11,57),(471,'PAN INTEGRAL GRANDE 720 G','',33,27.73,11,57),(472,'MEDIAS NOCHES','',23,19.26,11,57),(473,'BIMBOLLOS (8) 450 G','',29,24.24,4,13),(474,'PAN TOSTADO 210 G','',20,16.77,12,57),(475,'PAN MOLIDO (BOLSA) 210 G','',15,12.48,20,57),(476,'ROLES DE CANELA (2) 120 G','',13,10.84,6,57),(477,'ROLES DE GLASEADOS ( 2) 120G','',13,10.84,19,57),(478,'COLCHONES (6) 130 G','',10,8.25,16,57),(479,'PANQUE DE PASAS 270 G','',29,23.96,1,57),(480,'PANQUE DE NUEZ 270 G','',29,23.96,5,57),(481,'PAN TOSTADO DOBLE FIBRA 250 G','',22,18.43,5,57),(482,'MANTECADAS (4) VAINILLA','',12,9.84,18,57),(483,'DONITAS ESPOLVOREADAS (6) 105  G','',12,9.84,18,57),(484,'CONCHAS CHOCOLATE (2) 120 G','',18,12.3,13,13),(485,'NEGRITO INYECTADO 62 G','',10,8.2,16,57),(486,'REBANADAS 55 G','',5,4.08,8,57),(487,'BRAN FRUT PIÑA 40 G','',8,6.56,18,57),(488,'BRAN FRUT FRESA','',8,6.56,5,57),(489,'PAN BLANCO GRANDE 650 G','',28,23.24,17,57),(490,'MINI BIGOTES CHOCOLATES','',10,8.2,11,62),(491,'LORS 89 G','',12,10.3,19,11),(492,'PRINCIPE 85 G','',13,10.08,14,128),(493,'PLATIVOLOS 74 G','',12,10.3,2,11),(494,'PRINCIPE','',13,10.08,19,128),(495,'CONCHAS VAINILLA (2) 120 G','',13,10.84,3,13),(496,'BARRITAS PIÑA 77 G','',10,8.4,19,27),(497,'BARRITAS FRESA 64 G','',10,8.4,6,27),(498,'PASTISETAS 75 GR.','',15,12.76,2,27),(499,'GALLETA SALADAS','',12,8.67,14,27),(500,'MARIAS','',10,7.42,6,125),(501,'DECANELAS 83 GRS','',7,5.9,9,27),(502,'MANTECHOX  80 G','',12,9.84,17,129),(503,'SPONCH','',15,13.1,5,11),(504,'PALOMITAS POP DE CARAMELO KARAMELADA','',6,5.04,1,94),(505,'BIGOTES  DE CHOCOLATE TIA ROSA','',10,8.2,16,13),(506,'BIGOTES CAJETA','',10,8.2,19,13),(507,'MINI DORADITAS 3 PZAS','',6,4.92,18,62),(508,'MANTECADAS TIA ROSA VAINILLA 3 PZAS','',15,12.29,4,57),(509,'CONCHAS (2) TIA ROSA','',18,0,9,13),(510,'CUERNITOS (2)','',12,9.84,7,13),(511,'DORADITAS 110 GRS','',12,9.84,10,13),(512,'MANTECADAS DE CHOCOLATE (3) TIA ROSA','',16,13.11,20,57),(513,'TAKIS HUAKAMOLES','',10,8.4,10,62),(514,'CHIPS A LA DIABLA','',12,10.07,3,62),(515,'PAN MOLIDO CRUJIENTE 225 G','',15,12.66,12,57),(516,'GANSITO','',10,0,18,11),(517,'ROLLO DE FRESA','',12,9.72,5,57),(518,'PAY DE PIÑA','',15,12.15,14,57),(519,'PAY DE NUEZ','',15,0,6,57),(520,'PINGUINOS (2)','',14,11.72,7,11),(521,'SUAVICREMAS FAM VAINILLA','',15,0,4,11),(522,'SUAVICREMAS FAM FRESA','',15,14.28,11,11),(523,'PRINCIPE 205 G','',22,0,16,128),(524,'TOSTADA DE TUBO 380 G 30 PZAS','',22,17.82,3,92),(525,'TAKIS VERDE','',10,8.4,15,62),(526,'TAKIS SALSA BRAVA','',10,8.4,7,62),(527,'GOLDEN NUTS SALADO 45 G','',8,6.71,8,62),(528,'GOLDEN NUTS ENCHILADOS 45 G','',8,6.72,10,62),(529,'GOLDEN NUTS SEMILLA 25 G','',8,6.72,14,62),(530,'CHIPS A LA DIABLA 170 G','',33,21.84,14,62),(531,'KIYAKIS 50 G','',6,5.04,6,95),(532,'RUNNERS','',8,6.05,1,62),(533,'BIG MIX','',10,8.4,11,75),(534,'CHIPS SAL','',12,10.07,9,62),(535,'CHIPS ADOBADAS','',12,10.07,10,62),(536,'CHIPOTLES 52 G','',8,0,2,27),(537,'CHIPS SAL DE MAR  170 G','',33,21,11,62),(538,'CHIPS JALAPEÑOS GRANDES','',33,21,2,62),(539,'CHIPS JALAPEÑOS','',12,10.07,2,62),(540,'PALETA PAYASO GRANDE','',10,6.32,15,27),(541,'ROLES DE CANELA ( 9) 385 G','',29,23.96,8,57),(542,'PANQUE DE MARMOL 300 G','',29,23.96,10,57),(543,'NEGRITO EDICION ESPECIAL','',13,10.66,18,57),(544,'PAN INTEGRAL CHICO 450 G','',26,21.92,4,57),(545,'BARRA MULTIGRANO  LINAZA 42 G','',8,6.56,18,27),(546,'PAPAS TOREADAS HABANERO','',10,8.4,16,62),(547,'TOTOPOS DEL HOGAR','',21,17.01,3,127),(548,'CACAHUATE HOT NUTS 50 G','',8,6.72,20,62),(549,'CANAPINAS 80 GRS','',5,2.95,2,130),(550,'BARRITAS SENCILLAS PIÑA','',5,2.41,14,27),(551,'CANELITAS 3 PZAS 30 GRS','',3.5,2.5,5,11),(552,'TORTILLA MILPA REAL 470 G','',15,12.75,18,127),(553,'PAPAS TOREADAS HABANERO  170 G','',32,28.56,7,62),(554,'EMPERADOR CAFE','',12,8.18,7,125),(555,'FLORENTINAS FRESA','',10,8.47,4,131),(556,'FLORENTINAS CAJETA','',10,8.47,20,131),(557,'SENZO MIX CHOCOLATE 93 G','',12,7.52,16,132),(558,'DORADAS  SABOR CAJETA','',19,16.11,1,13),(559,'EMPERADOR CHOCOLATE AVELLANA','',12,8.18,9,125),(560,'EMPERADOR COMBINADO','',12,8.18,12,125),(561,'EMPERADOR  CREMA DE NUEZ','',12,8.18,19,125),(562,'EMPERADOR 86 CHOCOLATE CREMOSO','',12,8.22,20,125),(563,'EMPERADOR VAINILLA CREMOSA','',12,8.22,16,125),(564,'CHOKIS CHOCO MAX 90 GRS','',12,8.88,3,125),(565,'CREMAX CHOCOLATE','',10,8.69,12,125),(566,'CREMAX VAINILLA','',10,8.69,20,125),(567,'CREMAX FRESA','',10,8.69,14,125),(568,'GIRO DOBLE CHOCOLATE 84 G','',12,8.48,2,125),(569,'GIRO CHOCOLATE G','',12,8.48,13,125),(570,'SALADITAS 186 GR.','',12,9.48,20,125),(571,'GALLETAS SALADITAS EMPAQUE INDIVUDUAL','',120,108,5,27),(572,'CHOKIS CHOKO DOBLE','',12,8.24,3,125),(573,'GIRO NIEVE CHOCOLATE 52 G','',12,8.48,5,125),(574,'BOMBITOS 135 GR.','',9,7.62,16,133),(575,'CREMAX  CHOCOLATE 185 GR.','',19,14.81,11,125),(576,'CREMAX FRESA 185 GR.','',19,14.81,20,125),(577,'CREMAX VAINILLA 185 GR.','',19,14.81,4,125),(578,'CRACKETS 95 GRS','',9,6.5,14,125),(579,'CREMAX DE NIEVE CHOCOLATE 52 GR','',10,8.69,18,125),(580,'CREMAX DE NIEVE FRESA 52 GR','',10,8.69,1,125),(581,'EMPERADOR CHOCOLATE 81 G','',12,8.22,5,125),(582,'EMPERADOR COMBINADA','',12,8.22,5,125),(583,'EMPERADOR CREMA DE NUEZ','',12,8.22,7,125),(584,'EMPERADOR CHOCOLATE 40 GRS','',4,3.11,1,125),(585,'EMPERADOR VAINILLA 40 GRS','',4,3.11,17,125),(586,'EMPERADOR COMBINADO 40 G','',4,3.11,4,125),(587,'EMPERADOR COMBINADO 192 G','',19,16.11,10,125),(588,'GIRO GALLETAS DE GAMESA','',12,8.48,11,125),(589,'FLOR DE NARANJO','',10,8.46,10,27),(590,'CHOKIS PAQUETE 210 GRS','',19,0,8,125),(591,'CHOKIS 178 GR','',19,15.27,9,125),(592,'EMPERADOR CHOCOLATE 106 G','',12,8.22,15,125),(593,'EMPERADOR VAINILLA 101 G','',12,8.22,18,125),(594,'EMPERADOR 101 G NUEZ','',12,8.22,19,125),(595,'EMPERADOR COMBINADO 101 G','',12,8.22,14,125),(596,'EMPERADOR PIRUETAS LIMON 106 G','',12,8.22,8,125),(597,'EMPERADOR PIRUETAS 212 G','',19,16.11,13,125),(598,'CHOKIS 199 GRS','',19,15.27,12,125),(599,'MEGA CHOKIS 60 G ROJAS','',12,8.12,16,125),(600,'CRACKETS 135 G','',11,0,1,125),(601,'EMPERADOR VAINILLA','',19,16.11,4,125),(602,'EMPERADOR PIRUETA','',19,16.11,8,125),(603,'DELICIAS 145 GR','',10,8.48,6,27),(604,'CHOKIS 63 GR AZUL','',12,8.88,18,125),(605,'EMPERADOR CHOCOLATE 94 G','',12,8.22,3,125),(606,'EMPERADOR VAINILLA 85/94 GR.','',12,8.22,7,125),(607,'EMPERADOR NUEZ 94 GRS','',12,8.22,13,125),(608,'EMPERADOR COMBINADO 94 G','',12,8.22,5,125),(609,'EMPERADOR PIRUETAS LIMON 85G','',12,8.22,2,125),(610,'ARCOIRIS 75 GRS.','',12,8.62,16,134),(611,'CHOKIS BROWNIE','',12,8.48,11,125),(612,'INTENSO EMPERADOR CHOCOLATE 94 G','',12,8.22,8,125),(613,'INTENSO  EMPERADOR FRESA  94 GR.','',12,8.22,20,125),(614,'GIRO','',12,8.48,14,125),(615,'GIRO 95 GRS','',12,8.48,4,125),(616,'MARAVILLAS SABOR VAINILLA','',13,10.98,13,27),(617,'CREMAX DE NIEVE VAINILLA 52 GR','',10,8.69,8,125),(618,'EMPERADOR GALLETA','',4,3.11,8,125),(619,'CHOKIS VOLCAN','',12,8.48,6,125),(620,'RICANELAS 113 GR.','',10,8,6,125),(621,'MAMUT 48 GR.','',6,5.07,13,125),(622,'EMPERADOR MAGNO 80 GRS.','',12,8.22,4,125),(623,'FLORENTINAS FRESA 72 G.','',10,8.47,11,131),(624,'EMPERADOR ZENTRO','',8,8.12,2,125),(625,'CHOCO CHOKIS ROJA 84 GRS','',12,8.88,5,135),(626,'MARIAS 150 GR AZUCARADAS','',10,8.33,7,125),(627,'MARIAS ANARANJADAS 170 GR','',10,7.42,14,125),(628,'FRUTS DE ARCOIRIS URGE CHECAR','',10,10.3,13,9),(629,'SALADITAS 186','',12,9.48,5,125),(630,'DORADAS 290 G','',19,16.11,14,13),(631,'EMPERADOR VAINILLA CREMOSA 223 G','',19,16.11,16,125),(632,'MAMUT FLIPY','',6,5.08,13,125),(633,'BARRAS DE COCO','',10,8.48,8,27),(634,'GERBER VERDURA CON POLLO','',10,8.29,18,15),(635,'GERBER VERDURAS Y ARROZ','',10,8.29,10,15),(636,'GERBER  GUAYABA 100 G','',10,8.29,9,15),(637,'GERBER CIRUELA PASA 100 G','',10,8.29,14,15),(638,'GERBER DE PLATANO 100 GRS','',10,8.29,11,15),(639,'GERBER JAMON C/ VERDURAS','',10,8.29,2,15),(640,'NESCAFE CLASICO SOBRE 14 GRS','',10,7.24,7,136),(641,'NESCAFE  CLASICO 28 GRS.','',16,12.2,11,136),(642,'COFFEE MATE 34 GRS','',6,4.43,17,137),(643,'BOLD  AZUL FLORES 500 G','',13.5,11.03,18,119),(644,'ZEST AQUA 150  GRS.','',13.5,11.5,10,138),(645,'SALVO 36/250 GRS.','',9,7.18,4,123),(646,'ESCUDO ROSA 200 GRS.ROSA VITAMINA E','',16,9.43,12,139),(647,'TOALLAS NATURELLA C /ALAS 10 PZAS.','',17.5,14.25,18,118),(648,'PEPTO BISMOL CADA UNA','',3,2.22,6,140),(649,'PEPTO BISMOL TABLETAS','',3,2.22,15,140),(650,'SHAMPOO PANTENE 24/EXH.','',2.5,1.7,1,141),(651,'CREMA DENTAL CREST 100 ML','',16,12.56,10,121),(652,'ACE REGULAR 60/ 200 GRS.','',9.5,7.51,17,120),(653,'TABLILLA ABUELITA','',10,8.43,15,142),(654,'ESPONJOSITOS BOMBON OSO','',4.5,3.25,10,27),(655,'CHAMPIÑON REBANADO HERDEZ 380 G','',32,25.95,9,143),(656,'MAYONESA   NO. 8 190 GRS. MC CORNICK','',16.5,13.88,9,144),(657,'MAYONESA 725 GRS','',45,35,18,144),(658,'MERMELADA MC CORMICK FRESA','',26,21.08,18,144),(659,'MERMELADA MACCORNICK FRESA','',16.5,13.5,19,144),(660,'TE DE LIMON MC CORMICK','',1.5,0.56,19,144),(661,'MAYONESA #4 105 GRS. MC CORNICK','',11,9.08,11,144),(662,'ACEITUNA BUFALO 140 G','',32,26.7,3,145),(663,'MAIZENA FRESA SOBRE 47 G','',6.5,5.4,4,146),(664,'MAIZENA VAINILLA 47 G','',6.5,5.4,5,146),(665,'MAIZENA CHOCOLATE SOBRE 47 G','',6.5,5.5,10,146),(666,'MAIZENA NUEZ SOBRE 47 G','',6.5,5.4,2,146),(667,'MAIZENA CAJETA SOBRE 47 G','',6.5,5.4,7,146),(668,'MAIZENA 95 G','',9.5,7.47,12,146),(669,'MAIZENA 160 GRS.','',13,11.07,19,146),(670,'KNORR SUIZA SOBRE EN POLVO','',3.5,2.62,6,147),(671,'KNOOR SUIZA 200 G','',34,28.22,12,147),(672,'MAIZENA NAPOLITANO','',6.5,5.4,10,146),(673,'JUGO ADES MANZANA 200 ML','',7,4.5,7,148),(674,'JUGO ADES NARANJA 200 ML','',7,4.5,10,148),(675,'KNORR SUIZA CUBO 11 GRS','',2,1.02,6,147),(676,'KNORR SUIZA 8 CUBOS','',16,12,19,147),(677,'KNORR SUIZA TIRA C/50 ESTUCHES','',3.5,2.57,5,147),(678,'KNORR SUIZA 88  GRS 8 CUBOS','',14,11.24,1,147),(679,'KNORR SUIZA 24 CUBOS','',2,33.9,12,147),(680,'PALOMITAS NATURALES','',10,9,1,94),(681,'PALOMITAS MANTEQUILLA','',10,9,13,94),(682,'PALOMITAS EXTRA MANTEQUILLA ACT II','',10,9,4,94),(683,'PALOMITAS ACT II CHILE Y LIMON','',10,9,4,94),(684,'PALOMITAS ACT II INFIERNO','',10,9,19,94),(685,'PALOMITAS NATURAL','',10,9,12,94),(686,'PALOMITAS EXTRA MANTEQUILLA','',10,9,18,94),(687,'CREST COMPLETE 100 ML','',16,12.56,17,121),(688,'ACE REGULAR  ACTIBLU 24/ 500 GRS.','',17.5,14.8,5,120),(689,'ARIEL REGULAR DOBLE PODER 500 G','',19.5,16.58,15,149),(690,'SERVILLETA PETALO C/100´S PZAS','',10.5,7.67,6,61),(691,'PAKETIN CHOCO KRISPIS 100 GRS','',14,11.71,16,150),(692,'FROOT LOOPS PAKETIN 100 GRS','',14,11.71,10,150),(693,'CORN POPS PAKETIN 100 GRS','',14,11.71,5,150),(694,'ZUCARITAS PAKETIN 100 GRS','',14,11.71,4,150),(695,'BARRA FROOT LOOPS','',6,4.79,11,150),(696,'PAKETITOS  CORN POPS 30 GRS.','',5,4.16,17,150),(697,'PAKETITOS ZUCARITAS 35 GRS.','',5,4.16,15,150),(698,'BARRA DE ARROZ INFLADO','',6,4.79,11,27),(699,'FROOT LOOPS PAKETITOS','',5,4.16,14,150),(700,'PAKETITOS CHOCO CRISPIS','',5,4.16,2,150),(701,'BARRA CHOCO KRISPIS 19 GRS','',6,4.79,14,151),(702,'BARRA CEREAL TREATS','',6,4.79,16,152),(703,'BARRA ZUCARITAS','',6,4.79,12,107),(704,'PAKETITOS ZUCARITAS 30 GRS','',5,4.16,9,150),(705,'ALKA SELTZER EXHIBIDOR CON 100','',3,1.91,8,153),(706,'ASPIRINA TABLETA COMPLETA CADA UNA A $1.00','',7,5.27,8,154),(707,'REY PACK CHOCOLATE 101 GRS','',15,0,3,155),(708,'CHVALIN CUETARA BOMBON','',15,11.25,12,27),(709,'RASTRILLO PRESTOBARBA GUILLETTE','',15,12.44,1,156),(710,'RASTRILLO GUILLET','',15,13.14,12,157),(711,'SABRITAS','',11,9.41,20,124),(712,'SABRITAS ADOBADAS','',11,9.41,16,124),(713,'SABRITAS LIMON','',11,9.41,16,124),(714,'SABRITAS ORIGINAL 170 G  185 GRS FAMILIAR','',26,23,14,124),(715,'RUFFLES ORIGINAL','',11,9.41,17,124),(716,'SABRITAS CHILE PIQUIN','',11,9.41,11,124),(717,'RUFFLES QUESO','',11,9.41,13,124),(718,'RUFFLES EXTRA ACIDO','',11,9.41,7,124),(719,'RUFFLES CREMA Y ESPECIES','',11,9.41,1,124),(720,'RUFFLES CHILE Y LIMON','',11,9.41,13,124),(721,'SABRITAS HABANERA LIMON','',11.1,9.41,14,124),(722,'RUFFLES EXTRA PICANTE','',11,9.41,20,124),(723,'FRITOS SAL Y LIMON','',9,7.7,16,124),(724,'FRITOS DOBLADITOS','',9,7.7,12,124),(725,'RANCHERITOS 52 G','',9,7.7,10,158),(726,'RANCHERITOS AL CARBON','',9,7.7,12,158),(727,'FRITOS CHORIZO Y CHIPOTLE','',9,7.7,18,124),(728,'PAKETAXO BOTANERO 70 GRS','',10,8.56,2,124),(729,'FRITOS SABOR ELOTE','',9,7.7,9,124),(730,'PAKETAXO QUESO 65 GRS','',10,8.56,12,124),(731,'FRITOS CHILE Y LIMON','',9,7.7,11,124),(732,'SABRITAS CREMA ESPECIES','',11,9.41,1,124),(733,'DORITOS INFIERNO','',10,8.56,1,124),(734,'DORITOS PIZZEROLAS','',10,8.56,14,124),(735,'DORITOS NACHO','',10,8.56,9,124),(736,'DORITOS DIABLO','',10,8.56,13,124),(737,'DORITOS SALSA VERDE','',10,8.56,13,124),(738,'DORITOS DIABLO 125 G','',17,14.28,1,124),(739,'DORITOS INCOGNITA','',10,8.56,6,124),(740,'DORITOS TORO HABANERO','',10,8.56,6,124),(741,'RANCHERITOS SABOR RANCHERO','',9,7.7,2,158),(742,'DORITOS INSTINTO 52 G','',10,8.56,1,124),(743,'RUFFLES CRUNCH JALAPEÑO ','',11,9.41,16,124),(744,'TOSTITOS FLAMIN HOT','',8,6.85,1,159),(745,'TOSTITOS 68 G','',8,6.85,20,159),(746,'RUFFLES MEGA CRUNCH','',11,9.41,10,124),(747,'DORITOS FLAMIN HOT','',10,8.56,4,124),(748,'CHETOS TORCIDITOS 150 G COMPARTE','',22,19.33,16,62),(749,'SABRITAS ORIGINAL 170 G  185 FAMILIAR','',26,23,18,124),(750,'CHETOS HORNEADOS','',7,6,4,62),(751,'CHURRUMAIS','',7,5.14,4,160),(752,'CRUJITOS FLAMIN HOT','',9,0,8,124),(753,'CRUJITOS QUESO Y CHILE','',9,6.85,13,124),(754,'PAKETAXO 170 GRS','',24,21,11,124),(755,'TOSTITOS QUESO PICANTE','',8,6.85,19,159),(756,'SABRITAS HABANERO','',11,9.41,17,124),(757,'SABRITAS MAZATLAN','',11,9.41,20,124),(758,'CRUJITOS 43 GRS','',9,6.85,8,124),(759,'PAKETAXO AMARILLO','',10,8.56,7,124),(760,'PAKETAXO MORADO','',10,8.56,6,124),(761,'SABRITAS BUFALO','',11,9.41,18,124),(762,'RECETA CRUJIENTE ORIGINAL 170 G','',30,26.39,10,161),(763,'SABRITAS RECETA CRUJIENTE JALAPEÑO 170 G','',30,26.39,6,124),(764,'SABRITAS FLAMIN HOT','',11,9.41,12,124),(765,'CHETOS HORNEADOS BOLITAS','',7,6,14,62),(766,'CHETOS POFFS','',7,6,3,62),(767,'RUFFLES CHELERAS','',11,9.41,3,124),(768,'PAKETAXO','',10,8.56,4,124),(769,'SABRITIONES 60 GRS','',8,6.84,19,124),(770,'DORITOS HARDCORE CHILE ACIDO','',10,8.56,15,124),(771,'DORITOS HARDCORE','',10,8.56,14,124),(772,'RUFFLES MAX 55 G','',11,9.41,3,124),(773,'CHICHARRON CERDO','',11,10.17,7,27),(774,'SABRITONES 165 G COMPARTE','',24,17.89,16,124),(775,'SABRITAS JALAPEÑOS EN VINAGRE','',11,9.41,5,124),(776,'SABRITAS CHILE VERDE','',11,9.41,17,124),(777,'SABRITAS ROJOS ASADOS','',11,9.41,4,124),(778,'SABRITAS CHILE DE ARBOL','',11,9.41,6,124),(779,'DORITOS 3D','',10,8.56,4,124),(780,'CHETOS COLMILLOS','',7,6,19,62),(781,'CHETOS FLAMIN','',7,6,16,62),(782,'RECETA CRUJIENTE  FLAMIN HOT','',11,9.42,5,161),(783,'SABRITAS RECETA CRUJIENTE FLAMIN HOT 170 GRS','',30,26.39,7,124),(784,'SABRITAS CASERAS SALSA PICANTE','',11,9.41,18,124),(785,'CHETOS TORCIDITOS','',7,6,11,62),(786,'CHETOS BOLITAS','',7,6,4,62),(787,'SABRITAS ORIGINAL','',11,9.41,9,124),(788,'DORITOS 3D QUESO','',10,8.56,17,124),(789,'RUFFLES CRUNCH ','',11,9.41,1,124),(790,'FRITOS SAL','',9,7.7,3,124),(791,'SABRITAS FAMILIARES 171 GRS','',30,26.39,12,124),(792,'SABRITAS  110 GRS','',22,0,8,124),(793,'TOSTITOS SALSA VERDE','',8,6.85,8,159),(794,'SABRITAS ME ADOPTAS','',11,9.41,10,124),(795,'CHETOS FLAMIN HOT','',7,6,12,62),(796,'CHETOS TORCIDITOS NACHOS','',7,6,2,62),(797,'CHETOS TORCIDITOS 61 GRS','',7,6,20,62),(798,'RECETA CRUJIENTE FLAMIN HOT 100 GRS','',20,0,11,161),(799,'JUMEX MANGO 250 ML','',6,4.8,11,19),(800,'JUMEX DURAZNO 250 ML','',6,4.8,18,19),(801,'AMI JUGO DE 500 ML MANZANA','',6,4.39,8,162),(802,'AMI JUGO 500 ML NARANJA','',6,4.39,18,162),(803,'AMI JUGO 500 ML UVA','',6,4.39,16,162),(804,'JUMEX MANZANA AMARILLA 1 LTS','',17,15.02,9,19),(805,'JUMEX MANGO 1 LTS','',17,15.02,7,19),(806,'JUMEX GUAYABA 1 LTS','',17,15.02,8,19),(807,'JUMEX PIÑA 1 LTS','',17,15.02,13,19),(808,'JUMEX MANZANA ROJA 1 LTS','',17,15.02,2,19),(809,'JUMEX MANGO 1 LITRO BOTE','',17,15.02,2,19),(810,'JUMEX DURAZNO 1 LITRO BOTE','',17,15.02,15,19),(811,'JUMEX MANZANA 1 LITRO BOTE','',17,15.02,4,19),(812,'PAU-PAU MANGO','',4,3.5,7,163),(813,'PAU-PAU UVA','',4,3.5,8,163),(814,'PAU-PAU CEREZA','',4,3.5,13,163),(815,'CHOCOLATE BARRA IBARRA','',1.5,0,2,164),(816,'RASTRILLO BIC SHAVER SENSIBLE','',6.5,4.26,6,58),(817,'CHOCOLATE CANASTA 50 PZAS.','',1,0.75,8,27),(818,'RAJAS LA COSTEÑA 380 GS','',10,8.07,6,165),(819,'FRIJOLES REFRITOS BAYOS COSTEÑA','',14,11.43,14,165),(820,'FRIJOLES ENTEROS NEGROS COSTEÑA','',12.5,10.02,9,165),(821,'FRIJOLES ENTEROS BAYOS COSTEÑA','',12.5,10.02,8,165),(822,'FRIJOLES REFRITOS NEGROS COSTEÑA','',14,11.43,13,165),(823,'RAJAS   220 GRS-COSTEÑA','',10.5,8.25,5,165),(824,'RAJAS LA COSTEÑA 220 G','',10.5,8.2,1,165),(825,'CAJA DE KLEENEX 90 PZS','',18,0,9,166),(826,'CAJA DE KLEENEX 70 PZAS','',12,8.5,15,166),(827,'PAQUETE DE KLEENEX','',3,2,7,166),(828,'SERVILLETA DELSEY 125','',9.5,7.56,20,167),(829,'PAÑAL ABSORSEC JUMBO 14 PZAS.','',50,0,14,168),(830,'SOPA 200 GRS   FIDEO 0 LA MODERNA','',5,3.98,16,169),(831,'SOPA 200 GRS TALLARIN  LA MODERNA','',5,3.98,6,169),(832,'SOPA 200 GRS LA ESPAGUETI MODERNA','',5,3.98,2,169),(833,'SOPA 200 GRS LENGUA  LA MODERNA','',5,3.98,19,169),(834,'SOPA 200 GRS  OJITO LA MODERNA','',5,3.9,13,169),(835,'SOPA 200 GRS  LETRA LA MODERNA','',5,3.9,3,169),(836,'SOPA 200 GRS   MUNICIÓN LA MODERNA','',5,3.9,11,169),(837,'SOPA 200 GRS  LENTEJA LA MODERNA','',5,3.9,1,169),(838,'SOPA ESTRELLITA','',5,3.9,2,169),(839,'SOPA CODO NO. 1','',5,3.9,16,169),(840,'SOPA 200 GRS  CODO 3 LA MODERNA','',5,3.9,4,169),(841,'SOPA 200 GRS CODO 4 LA MODERNA','',5,3.9,15,169),(842,'SOPA 200 GRS CARACOL 1 LA MODERNA','',5,3.9,9,169),(843,'SOPA 200 GRS CARACOL 2  LA MODERNA','',5,3.9,14,169),(844,'SOPA 200 GRS CARACOL 3  LA MODERNA','',5,3.9,12,169),(845,'SOPA 200 GRS ENGRANE LA MODERNA','',5,3.9,4,169),(846,'SOPA 200 GRS  PLUMA  LA MODERNA','',5,3.9,20,169),(847,'SOPA 200 GRS ALMEJA LA MODERNA','',5,3.9,1,169),(848,'SOPA 200 GRS   MOÑO LA MODERNA','',5,3.9,5,169),(849,'SOPA FIDEO MODERNA','',7.5,0,6,169),(850,'HARINA DE TRIGO LA MODERNA','',13.5,10.72,19,169),(851,'SOPA ESPAGUETI LA MODERNA','',5,3.85,11,169),(852,'TOALLA FEM SABA REG C/A CLIP 10 PZ','',17,13.99,13,170),(853,'TOALLA SABA INTIMA REGULAR FLUJO ABUN S/A 10 PZAS','',14,11.06,7,170),(854,'TOALLA FEM SABA NOCT BUENAS NOCHES 14/8','',22,18.26,6,170),(855,'REGIO AIRES FRES 300 HJS','',19.5,16.3,11,171),(856,'CREMA LALA 450ML','',26,17.36,11,18),(857,'CREMA LALA  900 ML','',50,41.3,7,18),(858,'BIO 4 LALA PROBIOTICOS','',6,4.8,4,18),(859,'CREMA LALA 200 ML','',12,9.4,15,18),(860,'LALITA  150 ML','',1.5,1.02,19,18),(861,'YOMI LALA FRESA 1 LTS','',22,19.8,3,18),(862,'LECHE VAINILLA 1 LTS DE YOMI LALA','',22,19.8,3,18),(863,'LECHE LALA PREMIUM','',17,15.6,14,18),(864,'ARROZ CON LECHE','',7,0,18,27),(865,'NUTRILECHE FRESCA','',14.5,13.03,13,172),(866,'MARGARINA LALA','',11,9,3,52),(867,'MARGARINA LALA CON SAL','',11,9,12,52),(868,'QUESO AMERICANO NUTRILECHE','',9.5,7.27,20,172),(869,'NUTRILECHE CHOCOLATE 250 ML NUTRICHOCO','',6.5,5.5,3,172),(870,'YOGURTH LALA CON CEREAL COLORES','',6.5,5.54,7,18),(871,'YOGURTH NUTRI FRESA LALA','',9,7.7,9,18),(872,'NUTRILECHE','',15,12.42,5,172),(873,'SALCHICHA NUTRI DELI','',10.5,8.5,20,27),(874,'LALA PREMIUM','',17,15.6,16,18),(875,'LECHE DESLACTOSADA 1.5 LTS','',28,26,12,10),(876,'YOMI LALA CHOCOLATE','',8.5,7.5,8,18),(877,'YOMI LALA FRESA','',8.5,7.5,7,18),(878,'YOMI LALA VAINILLA','',8.5,7.5,5,18),(879,'YOMI LALA CHOCOLATE 1 LTS','',22,19.8,8,18),(880,'YOMI LALA 1 LTS','',22,19.8,5,18),(881,'JUMEX FRUTZZO NARANJA 600 ML','',8.5,6.92,5,19),(882,'JUMEX FRUTZZO MANDARINA','',8.5,6.92,4,19),(883,'CHIPOTLES 24/215 GRS. SAN MARCOS','',16.5,14.27,19,173),(884,'CHIPOTLE 100 GRS','',9,7.21,10,27),(885,'KISEES CAJA ROSA 128 G','',46,36,16,288),(886,'KISSES ROSA CAJA','',36,29,16,288),(887,'PINOL AROMAS ANTIBACTERIAL','',18,0,13,174),(888,'PINOL 500 ML','',12,9.61,16,174),(889,'PINOL 828 ML.','',16,14.4,12,174),(890,'ROMA 500 GRS.','',15.5,13.32,15,175),(891,'ROMA 250 GRS','',8.5,6.98,6,175),(892,'ZOTE BLANCO 200 GRS','',8,6.5,15,176),(893,'ZOTE ROSA 400 GRS.','',14.5,12.35,2,176),(894,'ZOTE ROSA 200 GRS.','',8.5,6.64,7,176),(895,'ROSA VENUS 25 GRS ROSA','',2,1.4,19,177),(896,'JABON ROSA VENUS 200 GRS','',12,10,20,177),(897,'ROSA VENUS 200 G ROSA','',11,8.8,11,177),(898,'ROSA VENUS  100 G ROSA','',6.5,4.8,8,177),(899,'ROSA VENUS 25 GRS AZUL','',2,1.4,9,177),(900,'JABON TERSSO','',11,8.4,11,178),(901,'JABON MANILVA 150 G','',9,7.1,15,179),(902,'BLANCA NIEVES 500 GRS.','',15.5,13.04,1,180),(903,'BLANCA NIEVES 250 GRS.','',8.5,6.75,3,180),(904,'FOCO OSRAM 72 W','',12.5,11,1,181),(905,'LATTE SORPRESA','',9,7.6,16,182),(906,'NEGRITO DUO 124 GRS','',12,9.83,5,57),(907,'PANQUE CHOCOLATE','',29,23.96,19,57),(908,'TRIKI-TRAKES SABOR CHOCOLATE','',20,16.8,13,11),(909,'LECHE DE CHOCOLATE NEGRITO NITO','',9,7.38,10,57),(910,'MANTECADAS (6) CON NUEZ 125 G','',17,13.94,17,57),(911,'PAPATINAS CHILIX','',6,5.07,5,62),(912,'CHICHARRON DE CERDO 90 G','',25,19.95,5,27),(913,'PAN BLANCO RENDIDOR 567','',23,9.09,7,57),(914,'BITES CON CHISPAS','',10,8.2,2,183),(915,'BITES DOBLE CHOCOLATE','',10,8.2,5,183),(916,'BARRA MULTIGRANO  NUEZ 42 G DUO','',8,6.56,8,27),(917,'TAKIS FUEGO','',10,8.4,2,62),(918,'MINIROCKO 28 PAQ','',2,0,5,11),(919,'PAPAS TOREADAS SERRANO','',10,8.4,8,62),(920,'GALLETA INTEGRAL DE AVENA','',6,5.04,8,27),(921,'SUAVICREMAS AVELLANA','',8,6.72,12,11),(922,'PETITS CHOCOLATE','',10,0,7,184),(923,'PETITS FRUTOS ROJOS','',10,0,15,184),(924,'PETITS CREMA PASTELERA','',10,0,8,184),(925,'LATTE DUO','',10,0,1,182),(926,'PINGUINOS COOKIES','',14,11.72,10,11),(927,'ONDAS CHIPOTLE SKATE','',8,0,1,185),(928,'HOT NUTS EUPHORIA 50 G','',8,6.72,16,62),(929,'BRAN FRUT FRESA 40 G','',8,6.56,16,57),(930,'CHIPS PARAISO','',12,10.07,7,62),(931,'MANTE CHOX','',12,0,2,57),(932,'PANQUE MANZANA CANELA','',26,21.32,1,57),(933,'PAPATINAS NITRO','',6,5.04,8,62),(934,'DELICIOSA CUBI CREMAS CHOCOLATE','',12,0,10,27),(935,'CANELITAS 120 GRS','',13,11.3,2,11),(936,'PANQUE MANTEQUILLA','',27,22.5,19,57),(937,'OREJAS 100 G','',12,9.84,3,13),(938,'LATTE FRESAS 40 GRS','',5,0,1,182),(939,'DORADITAS NUEZ 110 G','',12,9.84,4,13),(940,'DONITAS ESOPOLVOREADAS 140 G 16 PZAS','',15,12.48,7,57),(941,'DORADITAS 58 GRS','',6,4.92,14,13),(942,'TRIKI TRAKES TUBO','',22,18.8,12,11),(943,'POLVORONES TUBO 345 G','',22,18.8,10,13),(944,'CANELITAS TUBO','',22,17.38,1,11),(945,'PRINCIPE 227 GRS','',22,18.8,15,128),(946,'MINI BARRITAS PIÑA 222 GRS','',20,16.81,11,62),(947,'MINI BARRITAS FRESA TUBO','',20,16.8,1,62),(948,'MINI POLVORONES 100 G GABI','',10,0,14,62),(949,'CHOX CHOCOLATE','',2,0,3,186),(950,'POLVORONCITOS CASEROS','',1,0.81,3,13),(951,'DUO PACK MULTIGRANO','',10,0,10,57),(952,'DUO PACK BRAN FRUT NATURA','',10,0,12,57),(953,'CANELITAS TENTACION','',13,11.1,19,11),(954,'ROCKO','',5,4.15,12,27),(955,'PANQUE FRUTOS ROJOS','',26,21.32,4,57),(956,'RENDIDOR CO FIBRA INTEGRAL','',22,0,19,187),(957,'PALOMITAS ACARAMELADAS','',14,0,18,94),(958,'CACAHUATE ENCHILADO 100 G GOLDEN','',14,11.72,1,62),(959,'CACAHUATE JAPONES GOLDEN 100 G','',14,11.72,15,62),(960,'CACAHUATE SALADO GOLDEN 100 G','',14,11.72,7,62),(961,'TOSTADA MILPA REAL CON AJONJOLI','',22,17.82,11,127),(962,'PAN MOLIDO DE MI COCINA','',10,8,17,57),(963,'PONKE','',6,4.92,5,27),(964,'SUAVICREMAS CHOCOLATE','',15,14.28,11,11),(965,'CHOCO ROLES MORA SALVAJES','',14,0,7,11),(966,'SUAVICREMAX CHOCOLATE 50 GRS','',6,5.04,11,11),(967,'SUAVICREMAX FRESA 50 GRS','',6,5.04,8,11),(968,'SUAVICREMAS VAINILLA 50 GRS','',6,5.04,2,11),(969,'LATTE CHOCOLATE 40 GRS','',5,0,1,182),(970,'PINGUINOS TWIST NARANJA','',14,11.72,8,11),(971,'PRINCIPE TENTACION AVELLANA','',13,11.1,20,128),(972,'REJITAS','',5,0,15,27),(973,'HOTKIS','',5,4.1,14,62),(974,'DORADITAS 127 GRS','',12,9.84,13,13),(975,'LITTLE BITES CHOCOLATE','',10,8.2,14,289),(976,'CREO ROLES DE 4 CONFRIMAR','',15,0,19,57),(977,'BESOS DE NUEZ GABI','',10,8.1,11,188),(978,'TORTILLAS DE MAIZ MILPA REAL','',15,12.75,5,127),(979,'GOLDEN NUTS SURTIDO SELECTO','',8,6.72,5,62),(980,'BARRA MULTIGRANO CHIA','',8,6.56,1,27),(981,'TORTILLINAS 10 PZAS TIA ROSA','',13,10.6,7,13),(982,'LITTLE BITES','',10,8.2,10,289),(983,'BARRITAS MORA','',10,8.4,8,27),(984,'BARRA MULTIGRANO LINAZA Y GIRASOL','',8,6.56,7,27),(985,'BARRA MULTIGRANO AMARANTA CON FRESAS','',8,6.56,4,27),(986,'BIMBUÑUELO 6 PZAS','',14,11.48,4,13),(987,'MULTIGRANO AVENA','',8,6.56,17,57),(988,'TARTINA FRESA','',10,8.4,14,13),(989,'TARTINAS PIÑA 78 GRS','',10,8.4,1,13),(990,'DONAS 6 PZAS PROMOCION','',14,11.84,19,57),(991,'PACHONCITOS TIA ROSA','',15,12.5,10,13),(992,'TOSTADAS MILPA 27 TOSTADAS onduladas','',21,17.01,6,127),(993,'TRIKI TRAKES 69 GRS','',22,18.8,18,11),(994,'PRINCIPE 190 GRS','',22,0,12,128),(995,'PINGUINO 30 GRS','',6,4.88,20,11),(996,'CHOCO ROLES MINI 30 GRS','',6,5.88,3,11),(997,'MANTECADAS NUEZ PROMOCION 6 PZAS','',17,13.94,6,57),(998,'MANTECADAS PROMOCION 6 PZAS','',15,12.3,4,57),(999,'MARIAS 45 GRS','',6,5.08,18,125),(1000,'MADALENAS','',13,10.84,5,27),(1001,'BARRITAS 2 PACK','',20,16.8,12,27),(1002,'CHIPS EXTRA-CRUNH','',12,10.07,7,62),(1003,'GANSITO DOBLE CHOCOLATE','',10,0,8,11),(1004,'TOTOPOS MILPA REAL','',21,17.01,3,127),(1005,'TOSTADAS SUPREMAS MILPA REAL','',21,17.01,13,127),(1006,'PAN MULTIGRANO 390 G','',34,28.56,13,57),(1007,'PAN MULTIGRANO LINAZA','',34,28.56,6,57),(1008,'SPIRRONES 25 G','',10,9.07,20,62),(1009,'TORTILLINAS 22 PZAS','',22,17.6,20,13),(1010,'TORTILLAS DE MAIZ','',15,12.75,18,127),(1011,'HABAS GOLDEN NUTS','',8,6.72,1,62),(1012,'TORTILLINAS 10 PZAS','',13,10.6,5,13),(1013,'SUAVICREMAS CHOCOLATE 158 G','',17,14.28,15,11),(1014,'POLVORONES 250 G','',22,0,12,13),(1015,'POLVORONES 111 GRS','',13,0,7,13),(1016,'PLATIVOLOS 144 G','',22,0,2,11),(1017,'TRIKI TRAKES 174 G','',22,18.8,16,11),(1018,'LORS 148 G','',22,0,14,11),(1019,'DONITAS NUEVA PRESENTACION TUBO','',15,12.55,9,57),(1020,'CANELITAS 90 GRS','',13,11.3,2,11),(1021,'PAN TOSTADO INTEGRAL','',22,18.42,10,57),(1022,'BARRA MULTIGRANO LINAZA','',8,6.56,10,27),(1023,'BARRA MULTIGRANO NUEZ','',8,6.56,13,27),(1024,'PRINCIPE 108 G','',13,11.1,1,128),(1025,'EMPANADITAS RELLENAS DE FRESA','',2,0,3,27),(1026,'POLVORONES 113 G','',13,11.3,6,13),(1027,'TAKIS NITRO','',10,8.4,11,62),(1028,'MALBORO O CAMEL SUELTO','',3.5,2.41,6,7),(1029,'TOSTADA MILPA REAL 15 PZAS','',10,0,9,127),(1030,'MANZANITA SOL 237 ML','',5,0,2,189),(1031,'PEPSI LATA 237 ML','',5,4.16,3,89),(1032,'PEPSI 400 ML','',6,5.25,14,89),(1033,'MANZANITA SOL 400 ML','',6,5.25,18,189),(1034,'MIRINDA 400 ML','',6,5.25,19,190),(1035,'SANGRIA CASERA 400 ML','',6,5.25,12,117),(1036,'JUMEX FRESH CITRICOS 2 LTS','',22,15,2,19),(1037,'JUMEX FRESH CONGA 2 LTS','',22,15,7,19),(1038,'JUMEX FRESH 3 LTS','',26,17.12,12,19),(1039,'FRESH CONGA 400 ML','',6,5,9,191),(1040,'PEPSI  600 ML','',11,9.58,18,89),(1041,'PEPSI 3 LTS','',26,22.83,5,89),(1042,'PEPSI 2 LTS','',18,15.75,4,89),(1043,'PEPSI 500 ML','',9,7.16,16,89),(1044,'PEPSI 1.5 LTS','',16,13.16,3,89),(1045,'Z-UP 600 ML','',10,9,16,192),(1046,'Z-UP 3 LTS','',25,23.33,3,192),(1047,'MIRINDA 600','',11,9.58,6,190),(1048,'MIRINDA 3  LTS','',26,22.83,4,190),(1049,'MIRINDA DE 2 LTS','',18,15.75,9,190),(1050,'MANZANITA 600 ML','',11,9.58,11,189),(1051,'MANZANITA 3 LTS.','',26,22.83,16,189),(1052,'MANZANITA SOL 2 LTS','',18,15.75,13,189),(1053,'PEPSI 1 LTS','',16,0,15,89),(1054,'GRAN DIA YOGUR CON CEREAL CHOCO CRISPIS DANONE BIPACK','',7.5,6.26,9,150),(1055,'YOGUR VASO FRESA DANONE','',4,3.4,6,17),(1056,'YOGURTH DANONE MANZANA','',4,3.4,12,17),(1057,'YOGURT DANONE FRESA','',4,3.4,9,17),(1058,'YOGURTH DANONE DURAZNO','',4,3.4,9,17),(1059,'YOGURTH DANONE MANZANA CON FRUTA','',4,3.4,12,17),(1060,'DAN UP FRESA  250 G','',8.5,6.71,9,17),(1061,'DAN UP MANGO','',8.5,6.71,12,17),(1062,'DAN UP FRESA 450 grs','',14,10.32,3,17),(1063,'DAN UP PIÑA COCO 450 GRS','',14,10.32,13,17),(1064,'DANONINO MAXI','',6.5,5.18,10,17),(1065,'LICUADO PLATANO','',8,0,20,27),(1066,'DANONINO PARA BEBER 100 G','',6.5,3.6,2,17),(1067,'DANONINO PARA BEBER FRESA 170 G','',6.5,5.2,2,17),(1068,'ACTIVIA CIRUELA PASA BEBER','',9.5,0,3,17),(1069,'YOGURTH DE FRESA DE DANONE','',4,3.4,2,17),(1070,'GRAN DIA CON CHOCO CRISPIS','',7.5,6.26,20,150),(1071,'NUTRIPLUS (GRAN DIA ) CON ZUCARITAS','',7.5,6.26,3,193),(1072,'GRAN DIA ZUCARITAS','',7.5,6.26,19,150),(1073,'YOGURTH VASO FRESA','',4,3.5,12,17),(1074,'YOGURT DANONE DURAZNO','',4,3.4,11,17),(1075,'YOGURT VASO DANONE MANZANA','',4,3.4,6,17),(1076,'BENEGASTROL','',9,7.5,17,194),(1077,'OIKOS DANONE','',10,0,11,17),(1078,'DANONINO BEBIBLE 90 GRS','',4.5,0,9,17),(1079,'ACTIVIA PARA BEBER CIRUELA','',9.5,0,1,17),(1080,'DAN UP FRESA','',8.5,6.71,8,17),(1081,'DAN UP PIÑA COCO','',8.5,6.71,14,17),(1082,'DAN UP CAPUCHINO','',8.5,6.71,3,17),(1083,'DANONINO LUNCH','',9,7.5,2,17),(1084,'BENEGASTRO','',10,0,3,194),(1085,'DAN UP FRESA 350 GRS','',11,0,17,17),(1086,'DAN UP DUO PAQUETE','',15,12.4,18,17),(1087,'DANONINO','',4,2.94,5,17),(1088,'DAN UP 350 G PIÑA COCO','',11,0,12,17),(1089,'ACTIVIA FRESA','',9.5,0,1,17),(1090,'YOGURTH PARA BEBER DURAZNO DANONE','',7.5,6.36,11,17),(1091,'YOGURTH PARA BEBER MANZANA DANONE','',7.5,6.36,20,17),(1092,'YOGURTH PARA BEBER FRESA DANONE','',7.5,6.36,4,17),(1093,'DAN UP FRESA 220G','',8.5,6.71,20,17),(1094,'DAN UP KAPUCHINO','',8.5,6.71,14,17),(1095,'DAN UP KIS CREMOSAS','',8.5,6.71,11,17),(1096,'YOGUR DANONE VASO FRESA 10 GRS','',7.5,0,9,17),(1097,'OIKOS FRESA GRIEGO','',10,0,1,17),(1098,'YOGURTH ACTIVIA CIRUELA  410 G','',16.5,0,12,195),(1099,'DANONE 3 EN 1','',7.5,6,15,17),(1100,'BONAFINA 600 ML','',8,6.28,5,196),(1101,'MARGARINA IBERIA 90 GRS','',8,6.04,13,52),(1102,'MARGARINA IBERIA 225GRS','',14.5,12.67,12,52),(1103,'QUESO LIQUIDO PARA NACHOS','',27,24.5,4,27),(1104,'YOGUR BOLSITA FRESA','',3,2.5,3,17),(1105,'YOGURT DE BOLSITA PIÑA','',3,2.5,6,17),(1106,'NARANAJADA BONAFINA  900 ML','',11,8.9,8,196),(1107,'BONAFINA  1 LTS.','',10,8.79,10,196),(1108,'QUESO AMARILLO RANCHERITO PAQUETE 7 REBANADAS','',9,7.3,12,197),(1109,'BONAFINA PIÑA COCO 450 G','',10,8.8,11,196),(1110,'BONAFINA FRESA YOGURTH  450 GRS','',10,8.8,18,196),(1111,'BONAFINA NUEZ  YOGURTH 450 GRS','',10,8.8,4,196),(1112,'YOGURT BONAFINA FRESA 700 GRS','',10,8.8,6,196),(1113,'COLORFIEL  NEGRA 12/ 60 ML','',8,5.39,6,198),(1114,'PALMOLIVE JABÓN 200 GRS.','',12.5,0,13,199),(1115,'FABULOSO 500 ML FRESCO AMANECER','',12.5,10.83,16,6),(1116,'FABULOSO  1LTS. FRESCO LIMÓN','',19.5,17.08,9,6),(1117,'FABULOSO LAVANDA 1 LTS','',19,15.83,7,6),(1118,'FABULOSO MAR FRESCO 1  L','',19,17.08,7,6),(1119,'FABULOSO 1 LTS. FRESCO AMANECER','',19,17.08,3,6),(1120,'SHAMPOO PALMOLIVE','',3,1.79,7,199),(1121,'CREMA DENTAL COLGATE 50 ML','',15,11.92,7,200),(1122,'PAPEL HIGIENICO REGIO 420 HD HJS JUMBO','',21,17.11,19,171),(1123,'PAPEL REGIO 27.2 MTS','',21,16.83,16,171),(1124,'PAPEL HIGIENICO REGIO AIRES DE FRESCURA','',15,12.58,9,171),(1125,'REGIO RINDE 3.5 MTS','',24,20.05,11,171),(1126,'PILA EVEREADY AA','',7,0,10,201),(1127,'PILA EVEREADY','',6.5,4.49,16,201),(1128,'ACEITE AVE 1 LTS','',21.5,19.33,17,88),(1129,'BOING MANZANA 1 LTS','',16,13.11,5,8),(1130,'BOING GUAYABA 1 LTS','',18.5,13.11,3,8),(1131,'BOING UVA 1 LTS','',16,13.11,12,8),(1132,'BOING FRESA 1 LTS','',16,13.11,5,8),(1133,'BOING PIÑA 1 LTS','',16,13.11,7,8),(1134,'BOING MANGO 1 LTS','',16,13.11,13,8),(1135,'SALCHICHA 266 G','',17.5,14,1,125),(1136,'SALCHICHA PAVO 266 G','',17.5,14,2,27),(1137,'QUESO TIPO MANCHEGO 200 G','',29,25.6,13,27),(1138,'YOGHURT NATURAL YOPLAIT','',5,4.21,2,202),(1139,'YOGURTH DE DURAZNO YOPLAIT','',6,4.21,15,202),(1140,'YOGURTH DE CEREALES YOPLAIT','',6,4.25,14,202),(1141,'YOGURTH DE MANGO YOPLAIT','',6,4.21,18,202),(1142,'YOGURTH DE FRESA YOPLAIT','',6,4.21,11,202),(1143,'LICUADO GRANOLA FRESA','',8,0,3,27),(1144,'YOGURT FRESA PARA BEBER 330 G','',7,0,2,17),(1145,'SIDRAL 1 LTS','',16,12.54,18,84),(1146,'ATUN ANCLA AGUA','',11,8.89,7,203),(1147,'ATUN TUNY ACEITE','',15,12.69,13,204),(1148,'SAL DE UVAS','',3,1.85,13,205),(1149,'ATUN EN AGUA','',16.5,13.6,8,204),(1150,'ATUN DOLORES EN ACEITE 140 GRS','',16,13.59,17,206),(1151,'ARROZ MORELOS 1 KG','',16,9.95,9,207),(1152,'TRADICIONAL 17  X 2 SOBRES CAFE LEGAL','',7,5.85,16,208),(1153,'CAFE LEGAL DE GRANO 400 GRS','',60,55.7,11,208),(1154,'ELOTE EN GRANO 22O GRS CLEMENTE','',8.5,6.75,19,27),(1155,'ELOTE EN GRANO 430 GRS CLEMENTE','',14.5,10.94,11,27),(1156,'ENSALADA DE VERDURAS 410 G CLEMENTE','',12,10,1,209),(1157,'SALSA CATSUP CLEMENTE 340 G','',13.5,10.88,11,209),(1158,'VINAGRE DE MANZANA 500 ML CLEMENTE','',13,11.12,15,209),(1159,'CHIPOTLES 24/100 GRS. SAN MARCOS','',9,7.47,2,173),(1160,'COCA LATA 400 ML','',13,11.62,13,16),(1161,'LATA 355 ML SPRITE','',7,5.83,17,210),(1162,'COCA 1 .25 DE VIDRIO','',16,13.25,8,16),(1163,'COCA COLA VIDRIO  500 ML','',12,10.5,2,16),(1164,'FANTA UVA 2 LTS','',15,12.62,8,211),(1165,'FANTA PIÑA 2 LTS','',15,12.62,1,211),(1166,'COCA 1 L DESECHABLE','',17,15,16,16),(1167,'FANTA UVA 600 ML','',11,0,2,211),(1168,'FANTA 600 ML','',11,9.71,4,211),(1169,'FRESCA 600 ML','',11,9.71,20,212),(1170,'MANZANITA LIFT 600 ML','',11,9.08,18,189),(1171,'FRESCA 2 LTS','',19,15.87,11,212),(1172,'DELAWARE PUNCH 600 ML','',11,9.71,16,213),(1173,'AGUA CIEL 1.5 LTS','',11,9.83,4,214),(1174,'COCA COLA 3 LTS DESECHABLE','',35,31.15,15,16),(1175,'SPRITE 3 LTS','',25,22.5,19,210),(1176,'FRESCA 3 LTS','',25,20.37,12,212),(1177,'COCA 2.5 DESECHABLE','',28,26.15,4,16),(1178,'COCA COLA LIGHT 1 LT','',17,16,5,16),(1179,'SPRITE 600 ML','',11,9.71,13,210),(1180,'SPRITE 2 LTS','',19,15.87,19,210),(1181,'AGUA MINERALIZADA 600ML','',9,7.5,11,27),(1182,'SENZAO 600 ML','',11,9.71,13,132),(1183,'FANTA MANDARINA 2 LTS','',15,12.62,8,211),(1184,'COCA 2.5  RETORNABLE','',23,20.5,14,16),(1185,'AGUA CIEL 5 LTS','',21,18.37,2,214),(1186,'CIEL 1 LTS','',9,0,14,214),(1187,'AGUA CIEL 355 ML','',4,3.33,17,214),(1188,'AGUA CIEL 10 LTS','',28,24.5,5,214),(1189,'COCA COLA RETORNABLE 3 LTS','',26,23.25,18,16),(1190,'COCA COLA 1.75 ML','',20,17.81,1,16),(1191,'POWERADE NARANJA-MANDARINA 1 LTS.','',21,0,1,215),(1192,'FANTA TUTIFRUTI 2 LTS','',15,12.62,13,211),(1193,'COCA COLA 500 VIDRIO S/AZUCAR','',12,10.5,20,16),(1194,'COCA SIN AZUCAR 400 ML','',5,4.37,18,16),(1195,'VALLE FRUT 2 LTS NARANJA','',22,18.75,17,46),(1196,'POWERADE MORAS 500 ML','',14,13,17,215),(1197,'POWERADE FRUTAS 500 ML','',14,13,4,215),(1198,'POWERADE 500 ML SABOR CUAL','',14,13,2,215),(1199,'POWERADE NARANJA MANDARINA 500 ML','',14,13,7,215),(1200,'VALLE FRUT 2 LTS.','',22,18.75,7,46),(1201,'VALLE FRUT 600 ML','',11,9.33,15,46),(1202,'VALLE FRUT 3 LTS','',28,0,17,46),(1203,'NECTAR DEL VALLE MANGO','',11,8.33,17,46),(1204,'POWER ADE 500 ML','',14,8,11,215),(1205,'POWER CITRIC REACTION 500 ML','',14,0,13,215),(1206,'VALLE FRUT UVA','',11,0,5,46),(1207,'VALLE FRUT UVA 2 LTS','',22,18.75,11,46),(1208,'VALLE FRUT MANZANA 2 LTS','',22,18.75,6,46),(1209,'SIDRAL 600 ML','',11,9.71,20,84),(1210,'SIDRAL 3 LTS','',25,22.12,7,84),(1211,'COCA 355 ML','',9,7,2,16),(1212,'JUGO VALLE CIEL NARANJA','',6,0,14,46),(1213,'VALLE FRUT 355 ML','',6,0,2,46),(1214,'VALLE FRUT GUAYABA 600 ML','',11,0,11,46),(1215,'SIDRAL MUNDET 2.5 LTS RETORNABLE','',22,15,19,84),(1216,'CIEL 1.2 LTS','',9,7.5,4,214),(1217,'PRISCO MUNDET','',11,9.71,7,84),(1218,'AGUA CIEL UVA 300ML','',5,0,6,214),(1219,'JUGO DEL VALLE PIÑA 1 LTS','',19,16.58,16,46),(1220,'COCA LATA 235 ML','',6,0,4,16),(1221,'POWER ADE ZERO AZUL','',14,0,2,215),(1222,'SPRITE LATA DE 235 ML','',6,0,6,210),(1223,'FANTA LATA 235 ML','',6,4.46,19,211),(1224,'SIDRAL MUNDET 235 ML','',6,4.45,1,84),(1225,'LIMON NADA 600 ML','',10,8.83,1,27),(1226,'LIMON NADA 2 LTS','',18,15.12,1,27),(1227,'NARANJA NADA DEL VALLE 600 ML','',10,8.83,16,27),(1228,'NARANJA NADA 2 LTS','',18,0,3,27),(1229,'FUZE TEA DURAZNO','',8,0,14,216),(1230,'LIMON&NADA','',5,4.5,1,27),(1231,'NARANJA&NADA','',5,0,15,27),(1232,'COCA SIN AZUCAR 2 LTS','',22,19.5,4,16),(1233,'COCA 250 ML','',6,4.42,6,16),(1234,'JAMAICA NADA 2 LTS','',17,15.12,20,27),(1235,'AGUA CIEL FRESA 1.2','',10,0,13,214),(1236,'COCO NADA 600 ML','',10,8.33,16,217),(1237,'JUGO VALLE NARANJA','',13,10,19,46),(1238,'SANGRIA MUNDET 600 ML','',11,8.83,6,117),(1239,'COCA COLA','',14,11.54,14,16),(1240,'ALPURA 2000','',18,15.33,8,10),(1241,'ALPURA CHOCOLATE 1 LTS','',21,17.87,1,10),(1242,'ALPURA FRESA 1 LTS','',21,17.87,12,10),(1243,'ALPURA VAINILLA','',21,17.87,11,10),(1244,'CREMA ALPURA DE 1 LTS','',49,39.8,8,10),(1245,'ALPURA BEBIBLE FRESA','',8.5,6.31,12,10),(1246,'ALPURA BEBIBLE DURAZNO','',8.5,6.31,13,10),(1247,'YOGURT DURAZNO DE ALPURA','',8.5,6.31,16,10),(1248,'ALPURA DESLACTOSADA','',19,17.5,7,10),(1249,'ALPURA BEBIBLE FRESA COCO','',8.5,6.31,14,10),(1250,'ALPURA BEBIBLE MANGO','',8.5,6.31,15,10),(1251,'YOGURTH BEBIBLE ALPURA NATURAL','',8.5,6.31,12,10),(1252,'YOGURTH YOFRUT ALPURA DURAZNO','',5,3.75,8,10),(1253,'YOGURTH YOFRUT ALPURA MANGO','',5,3.75,20,10),(1254,'YOGURTH ALPURA 150 G FRESA','',5,3.73,19,10),(1255,'YOGURTH ALPURA DURAZNO','',5,3.73,17,10),(1256,'YOGURTH ALPURA MANGO','',5,3.73,19,10),(1257,'YOGURTH ALPURA 150 G MANZANA','',5,3.73,5,10),(1258,'YOGURTH ALPURA 150 G PIÑA COCO','',5,3.73,4,10),(1259,'YOGURTH ALPURA ZARZAMORA','',5,3.73,4,10),(1260,'YOGURTH ALPURA FRUTAS DEL BOSQUE','',5,3.73,17,10),(1261,'CREMA ALPURA 200 GRS','',11.5,9.79,20,10),(1262,'CREMA ALPURA 450 ML.','',24.5,21.29,9,10),(1263,'YOGURTH ALPURA 150 G LIMON','',5,3.73,19,10),(1264,'ALPURA CHOCOLATE 250 ML','',8,6.4,19,10),(1265,'YOGURTH  DE ALPURA GUAYABA','',5,3.73,1,10),(1266,'SEDAL','',2,0.89,7,36),(1267,'LECHERA FRESA','',20,0,10,218),(1268,'LECHERA 397 GRS','',18.5,15.97,12,218),(1269,'LECHERA PAY DE LIMON','',20,0,6,218),(1270,'NUGGET  NEGRA 60 ML','',9.5,6.91,9,219),(1271,'VANISH 450 ML','',14.5,0,15,220),(1272,'CARLOS V STICK','',2,1.12,13,107),(1273,'CARNATION CLAVEL EVAPORADA 356 ML','',13.5,10.88,3,221),(1274,'COFFEE MATE 40 G','',6,4.46,14,137),(1275,'CHOCOLATE MORELIA 700 GRS','',42.5,35.9,18,222),(1276,'NESCAFE 75 GRS','',23,16,14,136),(1277,'STICK CRUNCH','',1.5,1.15,8,107),(1278,'AGUITA NESTLE MANZANA','',6,3.3,12,107),(1279,'CHOCOLATE MORELIA 357 GRS','',26,22.79,12,222),(1280,'NESQUICK 93 GRS','',10,0,13,107),(1281,'CARLOS V STICK  9 GRS','',2,1.18,13,107),(1282,'LARIN EDICION ESPECIAL','',8.5,6.88,18,107),(1283,'LARIN AVELLANA','',9,7.06,16,107),(1284,'LARIN ALMENDRA','',9,7.06,9,107),(1285,'LARIN NUEZ','',9,7.06,2,107),(1286,'PALETA TUTSI POP','',3,2.06,16,27),(1287,'CORONA MEGA','',36,31.7,13,87),(1288,'CORONITA 325 ML','',12,7.5,18,87),(1289,'MODELO LATA 355 ML','',15,11.44,19,223),(1290,'MODELO LATA 433 ML','',18,14.63,12,223),(1291,'HARINA DE TRIGO 3 ESTRELLAS 1 KG','',13.5,10.93,10,224),(1292,'HOT CAKES TRES ESTRELLAS 1 KG','',27,22.84,14,225),(1293,'HARINA DE ARROZ 3 ESTRELLAS 250 G','',7.5,5.22,2,225),(1294,'SQUIRT DE 2 LTS','',18,15.75,12,82),(1295,'SQUIRT 1.5 LTS','',16,11.66,7,82),(1296,'SQUIRT 600 ML','',11,9.58,12,82),(1297,'SQUIRT  3 LTS','',26,22.83,10,82),(1298,'SQUIRT 2.5 LTS','',22,19.16,15,82),(1299,'SQUIRT 237','',5,0,20,82),(1300,'SQUIRT CITRUS 600 ML','',10,8.08,20,82),(1301,'SQUIRT 400 ML','',6,5.25,8,82),(1302,'CLOROX 500 ML','',6,4.75,14,226),(1303,'CLOROX 930 ML','',10,8.27,2,226),(1304,'GUGARIN','',3,1.79,11,227),(1305,'AGUAFIEL 1.5 LTS','',12,9.5,5,228),(1306,'PEÑAFIEL 600 ML','',9.5,7.5,8,229),(1307,'PEÑAFIEL TWIST 600ML','',9.5,8.5,5,229),(1308,'PEÑAFIEL MANDARINA 600 ML','',10,8.33,10,229),(1309,'PEÑAFIEL FRESA 600 ML','',10,8.33,3,229),(1310,'PEÑAFIEL MANZANITA 600 ML','',10,8.33,7,229),(1311,'PEÑAFIEL SANGRIA 600 ML','',10,8.33,13,229),(1312,'AGUAFIEL NARANJA 1.5 LTS','',12,9.5,9,228),(1313,'AGUAFIEL JAMAICA 1.5 LTS','',12,9.5,13,228),(1314,'PEÑAFIEL NARANJADA 600 ML','',10,8.33,13,229),(1315,'PEÑAFIEL LIMONADA 600 ML','',10,8.33,5,229),(1316,'MASECA 1 KG','',13,10.89,2,230),(1317,'PURE DE TOMATE DEL FUERTE 210 G','',6,3.9,10,231),(1318,'PURE D TOMATE CONDIMENTADO DEL FUERTE 1 KG','',22,18.58,20,231),(1319,'PURE DE TOMATE DEL FUERTE 345 G','',9.5,7.45,20,231),(1320,'PURE DE TOMATE DEL FUERTE 210 GRS','',7,4.81,5,231),(1321,'RASTRILLO SAFARI TOKAI','',5.5,3.82,11,232),(1322,'ENCENDEDOR TOKAI','',5.5,3.82,9,232),(1323,'AGUA ELECTROPURA GARRAFON 20 LTS','',27,24,9,233),(1324,'POWER  PUNCH UVA 600 ML','',14,5.27,12,234),(1325,'VELA FAROLITO 16 PZAS','',3.5,2.72,11,27),(1326,'KOLA LOKA','',20,14.31,4,235),(1327,'KOLA LOKA GOTERO','',21,16.78,5,235),(1328,'OSITO FEBRERO GOMITA','',2,1.1,14,98),(1329,'CHEMISSE PALETA','',13,9.4,2,236),(1330,'MORDISKO','',14,10.64,18,12),(1331,'HELADO OREO 473 ML','',30,22.5,3,12),(1332,'CORNETO CHOCOLATE','',21,18.03,9,237),(1333,'HELADO NAPOLITANO 473 ML','',27,19.5,13,12),(1334,'CORNETO BROWNIE VAINILLA','',21,15.66,9,237),(1335,'MAX KOLORIX','',5,0,15,238),(1336,'MINI CHOC MAX','',8,5.6,5,62),(1337,'CHOCO CREM  FRESA','',11,8.37,2,135),(1338,'CHOCO CREM CHOCOLATE','',11,8.37,7,135),(1339,'ORANGE CRUSH MANDARINA 2 LTS','',12,8.37,1,239),(1340,'CRUSH MANZANA 2LTS','',12,8.37,15,239),(1341,'CRUSH LIMON 2 LTS','',12,8.37,5,239),(1342,'DETERGENTE 123 1 KG VERDE','',20,15.9,5,14),(1343,'VIVA  REGULAR 500 GRS.','',15.5,12.9,1,240),(1344,'MAS COLOR 415 ML','',14,10.82,12,241),(1345,'SHAMPO PERT','',4,0,4,242),(1346,'VIVA REGULAR 500 GRS','',15,12.4,12,240),(1347,'VIVA REGULAR 850 GRS','',20,15.9,2,240),(1348,'FLAN PRONTO','',11,8.87,3,17),(1349,'CLORO PATITO 1 LTS. 1/2 CAJA 6 PZAS','',10,8.16,13,27),(1350,'CLORO PATITO 500 ML','',5.5,3.83,3,27),(1351,'LECHITA SANTA CLARA CHOCOLATE','',9,6.83,6,243),(1352,'LECHITA SANTA CLARA FRESA','',9,6.83,18,243),(1353,'SANTA CLARA VAINILLA 200 ML','',9,6.83,8,243),(1354,'VASO UNICEL NO.8 CONVERMEX','',9.5,7.16,16,244),(1355,'CHAROLA CUADRADA PIC NIC 066','',12,7.99,4,27),(1356,'CHAROLA 855 PIC NIC','',18,13.05,13,27),(1357,'GEL PUNKY CROMO','',9,7,8,245),(1358,'MANZANITA DELICIOSA 600 ML','',10,8.83,6,189),(1359,'TEHUACAN PIÑA 355 ML','',5.5,4.9,11,246),(1360,'TEHUACAN SANGRIA 355 ML','',5.5,4.9,10,246),(1361,'TEHUACAN SANGRIA','',9,0,8,246),(1362,'TEHUACAN TORONJA','',9,0,10,246),(1363,'TEHUACAN MANDARINA','',9,0,4,246),(1364,'TEHUACAN FRESA','',8,0,8,246),(1365,'TEHUCAN PIÑA','',9,0,14,246),(1366,'SANGRIA CASERA 2 LTS','',18,15.75,10,117),(1367,'SANGRIA CASERA 600 ML','',11,9.58,10,117),(1368,'CACAHUATE PEPECUATE MINI','',1.5,0.73,9,62),(1369,'MANCHEGO REBANADAS CHEN','',10,7.3,14,247),(1370,'VAQUERA CHOCOLATE','',2,1.4,19,37),(1371,'KIPI CHURRITOS','',2,0,20,248),(1372,'ACEITE EL OLIVO','',7,5.16,11,249),(1373,'JAPONES MINI','',1.5,0,8,27),(1374,'GALLETA DE AVENA CHOCOLATE','',7,5,2,27),(1375,'BARRA DE AVENA CON FRESA','',9,7.64,14,27),(1376,'BARRA DE AVENA CON PIÑA QUAKER','',9,7.62,14,250),(1377,'GALLETA DE AVENA CON GRANOLA 50 G','',9,7.62,18,27),(1378,'AVENA QUAKER 3 MIN. 250 GR','',9,7.62,9,250),(1379,'CHOCO FRESKYS','',2,1.2,15,135),(1380,'MASCARA PARA PESTAÑA ALARGADORAS','',36,25,16,27),(1381,'EXTENSION MASCARA BY APPLE','',34,0,14,27),(1382,'KOTEX C/A 10 PZAS ANATOMICA','',16,12.83,7,251),(1383,'VOGUE 600 HJS','',29.5,25.17,16,252),(1384,'SERVILLETA VOGUE 125 PZAS','',9,6.32,10,252),(1385,'VAINILLA 45 ML','',8,0,18,27),(1386,'VELADORA SANTO CRISTO','',12.5,9.74,11,253),(1387,'VELADORA SAN FELIPE','',7.5,5.59,1,254),(1388,'VELAS CANDELA 16 PZAS','',4,2.73,1,27),(1389,'VASO DE PLASTICO REYMA NO. 8 50 PZAS','',16.5,14.34,5,255),(1390,'CHAROLA TERMICA 855','',18,14.29,8,27),(1391,'PLATO CPLATO CON DIVISION 9 D C/25 PZAS.','',16,11.84,3,27),(1392,'PLATO PASTELERO UNICEL C/25 PZAS N. 006 REYMA','',10.5,8.54,18,27),(1393,'CHAROLA TERMICA MARIEL REYMA 855','',18.5,15.29,20,27),(1394,'ENCENDEDOR GIL','',5.5,3.43,3,256),(1395,'ENCENDEDOR CLIPPER','',12,9.61,15,257),(1396,'LUCAS MUECAS MANGO','',5,3.9,9,79),(1397,'LUCAS MUECAS CEREZA','',5,3.7,1,79),(1398,'MUECAS SANDIA','',5,3.7,2,79),(1399,'LUCAS MUECAS PEPINO','',5,3.7,19,79),(1400,'cuchara medianamax','',8,7,14,27),(1401,'CUCHARAS CHICAS FUN FUN 50 PZAS','',7.5,5.64,19,27),(1402,'CUCHARAS MEDIANAS FUN FUN','',7.5,5.64,15,27),(1403,'CUCHARA SOPERA FUN FUN','',11,8.7,2,27),(1404,'TENEDORES MEDIANOS FUN FUN','',8,6.2,6,258),(1405,'DONITAS CHILE Y LIMON','',2,0,2,57),(1406,'CHECHITOS FRITURA DONITAS SALADAS','',1.5,1,2,27),(1407,'FRITURA ENCHILADAS CHECHITOS 10 G','',1.5,1,5,27),(1408,'FRITURA DONITAS ENCHILADAS','',1.5,1,19,27),(1409,'FRITURA CHECHITOS DONITAS ENCHILADAS','',1.5,1,5,259),(1410,'CHECHI FRESCO 140 ML','',2,1.37,13,260),(1411,'FRITURA CHECHITOS PALOMITAS','',1.5,1,16,259),(1412,'CHICHARRONES OYUKI','',7,0,3,27),(1413,'BOMBON CHOCOLATE','',1,0.59,5,27),(1414,'FOCO 43 W','',11,8,18,27),(1415,'ENCENDEDOR exis','',5.5,3.52,9,261),(1416,'CAFE OLE CAPUCCINO MOKA','',19.5,17.75,5,262),(1417,'GEL XTREME 24/250 BLANCO','',11,8.88,12,263),(1418,'CEL XTREME EXTRA FIRME','',10,7.08,13,264),(1419,'AVIONCHITO','',1.5,0.68,13,27),(1420,'SUSPIROS 20 GRS','',2,1.5,4,27),(1421,'VELADORA DE VASO LIMONERO SAN JUAN','',15.5,12.74,3,83),(1422,'VELADORA VASO LIMONERO SAN JUAN DE 1RA.','',14,10.64,8,83),(1423,'TOSTADA CHARRO DEL NORTE','',14.5,11.36,10,92),(1424,'GOMITA DINOSAURIO 60 PZAS','',1,0.75,8,98),(1425,'RED COLA 600 ML','',8,7.2,10,102),(1426,'RED COLA 2 LTS','',16,14,6,102),(1427,'JARRITOS 600 ML MANZANA','',8,7.07,11,85),(1428,'JARRITO DE MANZANA DE 2 LTS','',16,13.29,8,85),(1429,'JARRITO UVA 2 LTS','',16,13.29,10,85),(1430,'JARRITOS 600 ML UVA','',8,7.07,16,85),(1431,'GEL EGO BLUE 250 ML','',17.5,14.6,10,265),(1432,'GEL EGO  250 ML BLACK','',17.5,14.6,19,265),(1433,'FRUTIMAX PIÑA','',3,2.16,17,266),(1434,'FRUTIMAX NARANJA','',3,2.16,1,266),(1435,'FRUTIMAX TAMARINDO','',3,2.16,12,266),(1436,'TAMBORETA ELOTE','',2.5,1.33,8,27),(1437,'TAMBORETA PIÑA','',2.5,1.33,2,27),(1438,'TAMBORETA SANDIA','',2.5,1.33,17,27),(1439,'TAMBORETA MANGO','',2.5,1.33,4,27),(1440,'ALUMINIO ALUPRACTICK 10','',11.5,9,6,267),(1441,'CANELA IET','',5,4,18,11),(1442,'RATONERA DE PEGAMENTO CATCH-A MAX','',22,18.16,15,268),(1443,'CACAHUATES KURUMAYA','',13,10,6,62),(1444,'BONAFINA NARANJADA 500 ML','',7,6,12,196),(1445,'BONAFINA NARANJADA 1 LTS','',10,8.5,8,196),(1446,'LALITA UVA NARANJA, MANZANA','',1.5,1.02,15,18),(1447,'BONAFINA NARANJA 220 ML','',4,0,2,196),(1448,'BONAFINA NARANJA 900 ML','',9.5,8,4,196),(1449,'BONAFINA YOGHURT MANZANA','',10,8.5,18,196),(1450,'BONAFINA NARANJA 600 ML','',7,5.63,17,196),(1451,'BONAFINA NARANJA 1.87 LTS','',16,14,17,196),(1452,'FOCO ETCO 72 W','',11,8.88,11,269),(1453,'BOTANA CHARLY CHURRITO C/S CHILE','',9,7.5,16,106),(1454,'PAPEL HIGIENICO FAMILIAR XL','',29,25.62,11,171),(1455,'TRIDENT TWIST UVA','',6,4.21,1,32),(1456,'TRIDENT WHITE COOL MINT','',6,3.65,6,32),(1457,'TRIDENT TWIST FRESA','',6,4.21,8,32),(1458,'TRIDENT TWIST MENTA','',6,4.21,6,32),(1459,'TRIDENT TWIST SPLAS H EDICION ESPECIAL','',6,4.21,14,32),(1460,'TRIDENT TWIST SANDIA YERBA COOL','',6,4.93,4,32),(1461,'SNICKERS','',13,11,10,270),(1462,'MILKY WAY CHOCOLATE','',13,11,14,271),(1463,'M&M 42.5','',13,8.23,6,2),(1464,'M&MS CHOCOLATE 42.5 GRS','',13,11,2,2),(1465,'DOVE  MILK CHOCOLATE','',13,11,8,53),(1466,'PEDIGREE CACHORRO 350 GRS','',18,15,20,70),(1467,'PEDIGREE ADULTO RAZAS PEQUEÑAS 350 g','',18,14.87,20,70),(1468,'WISKAS 180 GRS','',12,8.62,8,272),(1469,'FRUTIMAX FRESA','',3,2.16,17,266),(1470,'FRUTIMAX JAMAICA','',3,2.16,6,266),(1471,'FRUTIMAX LIMON','',3,2.16,16,266),(1472,'FRUTIMAX GUANABANA','',3,2.16,3,266),(1473,'GEL EGO SILVER','',17.5,14.6,9,265),(1474,'FRUTIMAX MELON','',3,2.16,19,266),(1475,'FRUTIMAX SANDIA','',3,2.16,8,266),(1476,'FRUTIMAX FRUTAS ROJAS','',3,2.16,15,266),(1477,'FRUTIMAX NARANJA MANDARINA','',3,2.16,17,266),(1478,'GEL EGO FORCE  COOL 250 ML','',17.5,14.6,20,265),(1479,'GEL EGO DIEZ 200 ML','',12,10.24,6,265),(1480,'FRUTIMAX MANGO','',3,2.16,16,266),(1481,'FRUTIMAX UVA','',3,2.16,7,266),(1482,'FRUTIMAX HORCHATA','',3,2.16,16,266),(1483,'RIKO POLLO','',2,1.25,18,273),(1484,'VIVE 100','',10,8.42,18,274),(1485,'VIVE 100 BEBIDA ENERGETIZANTE MANZANA','',10,8.38,7,274),(1486,'ACE ACCION INSTANTANEA 550 G','',16.5,14.38,13,120),(1487,'MAESTRO LIMPIO 250 GRS','',7.5,5.94,17,122),(1488,'SALVO 300 ML LIQUIDO','',12,9.33,9,123),(1489,'CHOCO MILK 375 GRS','',23,16,10,275),(1490,'CHOCO MILK','',4,3.02,9,135),(1491,'CHOCO MILK 160 GRS','',17.5,14.02,13,275),(1492,'CHOCOLATE AMICO','',5.5,4.16,20,27),(1493,'SAVILE ROSAS','',11,8.26,18,276),(1494,'SAVILE AGUACATE 150 GRS','',11,8.26,5,276),(1495,'JABON ZEST AQUA HIDRATANTE FRESCURA 150 GRS','',11.5,9.38,7,138),(1496,'JABON CAMAY CLASICO 150 GRS','',14,11.2,9,277),(1497,'HELLMANNS 190 GRS','',15,0,13,278),(1498,'CHIPS AHOY','',30,22.5,17,62),(1499,'MAX APOLO PINTA LENGUA','',7,0,4,238),(1500,'MAGNUN COOKIES AND CREAM','',26,0,4,12),(1501,'MAGNUM ALMENDRAS','',26,18.42,7,12),(1502,'MAGNUM CLASICA','',25,17.42,19,12),(1503,'MAGNUM YOGHURT SUPREMO','',27,18.42,20,12),(1504,'MAGNUM INFINITY FRAMBUESA','',27,18.42,17,12),(1505,'MAGNUM RED VELVET','',27,18.42,13,12),(1506,'CORNETO VASO','',21,15.15,11,237),(1507,'NATURELLA c /8 PZAS','',15,11.5,15,279),(1508,'CREST 3D WHITE','',15,12.6,3,121),(1509,'NATURELLA  40 TOALLAS','',2,1.45,16,279),(1510,'TOALLA NATURELA NOCTURNA 8 PZAS','',18.5,15,8,118),(1511,'FOCO IGOTO1 100 W','',14,11,6,280),(1512,'VELITAS CHICAS','',0.5,0.36,6,27),(1513,'FABULOSO  1LTS.  AROMA DE BEBE','',19.5,17.08,11,6),(1514,'FABULOSO  500 ML. AROMA DE BEBÉ','',12.5,10.83,4,6),(1515,'FABULOSO  1LTS. NARANJA','',19.5,17.08,4,6),(1516,'FABULOSO  1LTS. PASION DE FRUTAS','',19.5,17.08,20,6),(1517,'FABULOSO  1LTS.  FRESCA LAVANDA','',19.5,17.08,12,6),(1518,'FABULOSO MAR FRESCO 1 LTS','',19.5,17.08,14,6),(1519,'SHAMPOO OPTIMS SACHETS 24 /10 PALMOLIVE','',3,1.81,17,199),(1520,'AXION LIQUIDO 400 ML','',15.5,12.3,6,281),(1521,'FABULOSO OXI FRESCO','',19.5,17.08,8,6),(1522,'FABULOSO MENTA','',19.5,17.08,20,6),(1523,'PALMOLIVE  VERDE NATURALS 160 GRS.','',14.5,11.66,19,199),(1524,'SUAVITEL COMPLETE','',19.5,16.87,20,282),(1525,'SUAVITEL ADP  AQUA 850 ML','',19.5,16.87,5,282),(1526,'SUAVITEL ADP FRESCA PRIMERA','',19.5,16.87,4,282),(1527,'SUAVITEL ADP  FRESCO AROMA DE SOL 850 ML','',19.5,16.87,6,282),(1528,'SUAVITEL ADP  DURAZNO 850 ML','',19.5,16.87,1,282),(1529,'SUAVITEL ADP ANOCHECER','',19.5,16.87,12,282),(1530,'SUAVITEL ORQUIDEAS BLANCA ADP','',19.5,16.87,11,282),(1531,'SUAVITEL ADP FRESCA PRIMAVERA ECO 360 ML','',10,6.98,5,282),(1532,'SUAVITEL FRESAS Y CHOCOLATE','',22,20.3,12,282),(1533,'CAPRICE BIOTINA','',1,0,1,283),(1534,'CAPRICE FUERZA VITAL','',1,0,11,283),(1535,'CAPRICE CONTROL CASPA','',1,0,13,283),(1536,'PALMOLIVE NATURALS OLIVA 150 GRS','',13,10.35,3,199),(1537,'PALMOLIVE CASPA','',3,1.73,3,199),(1538,'LEVITE 1 LTS FRESA','',11,10,15,30),(1539,'SHAMPO HEAD SHOULDER','',2.5,1.7,20,284),(1540,'HEAD SHOULDERS ROSA','',2.5,0,15,284),(1541,'TANG NARANJA','',4,3.19,20,285),(1542,'TANG JAMAICA','',4,3.19,19,285),(1543,'TANG MANGO','',4,3.19,6,285),(1544,'TANG LIMON','',4,3.19,13,285),(1545,'TANG HORCHATA','',4,3.19,1,285),(1546,'TANG UVA','',4,3.19,9,285),(1547,'TANG FRESA','',4,3.19,11,285),(1548,'TANG COCO','',4,3.19,19,285),(1549,'TANG PIÑA','',4,3.19,13,285),(1550,'TANG MANDARINA','',4,3.19,7,285),(1551,'TANG TAMARINDO','',4,3.19,14,285),(1552,'HALLS MENTA','',6,3.62,2,286),(1553,'HALLS CEREZA','',6,3.61,17,286),(1554,'HALLS FRESA','',6,3.61,20,286),(1555,'HALLS MORA','',6,3.61,13,286),(1556,'HALLS MIEL','',6,3.61,12,286),(1557,'HALLS COLORS','',6,3.61,11,286),(1558,'CRACK UPS','',5,3.55,17,27),(1559,'TRIDENT WHITE FRESA','',5,3.65,15,32),(1560,'TRIDENT 10.2 GRS  MENTA WHITE','',5,3.65,14,32),(1561,'TRIDENT 10.2 GRS MORA WHITE','',5,3.65,9,32),(1562,'TRIDENT 10.2 GRS  YERBABUENA WHITE','',5,3.65,3,32),(1563,'RASTRILLO GUILLET 3 HOJAS','',20,13.6,12,157),(1564,'SEVILLETA PRUEBA 125 PZAS','',7.5,5.4,15,252),(1565,'SERVILLETA FAMILIAR 400 PZAS','',22,17.12,19,61),(1566,'HIGIENICO FAMILIAR ROSA 400 HD','',23,19.24,7,15),(1567,'FERRERO ROCHER CHOCOLATES 100 GRS','',65,52.68,6,40),(1568,'FERRERO 16 PZAS','',104,83.21,11,40),(1569,'FERRERO 2 PZAS','',15,12.14,13,40),(1570,'FERRERO ROCHER CHOCOLATES 150 GRS','',84,69,11,40);
/*!40000 ALTER TABLE `Product` ENABLE KEYS */;
UNLOCK TABLES;


--
-- Table structure for table `Provider`
--

DROP TABLE IF EXISTS `Provider`;
/*!40101 SET @saved_cs_client     = @@character_set_client */;
/*!40101 SET character_set_client = utf8 */;
CREATE TABLE `Provider` (
  `ID` int(11) NOT NULL AUTO_INCREMENT,
  `Name` varchar(30) NOT NULL,
  PRIMARY KEY (`ID`)
) ENGINE=InnoDB AUTO_INCREMENT=290 DEFAULT CHARSET=utf8;
/*!40101 SET character_set_client = @saved_cs_client */;

--
-- Dumping data for table `Provider`
--

LOCK TABLES `Provider` WRITE;
/*!40000 ALTER TABLE `Provider` DISABLE KEYS */;
INSERT INTO `Provider` VALUES (1,'ORBIT'),(2,'M&M'),(3,'CAMEL'),(4,'KINDER'),(5,'CLORALEX'),(6,'FABULOSO'),(7,'MALBORO'),(8,'BOING'),(9,'FRUTSI'),(10,'ALPURA'),(11,'MARINELA'),(12,'HOLANDA'),(13,'TIA ROSA'),(14,'123'),(15,'GERBER'),(16,'COCA COLA'),(17,'DANONE'),(18,'LALA'),(19,'JUMEX'),(20,'DEL MONTE'),(21,'DEEMINT'),(22,'CLORETS'),(23,'GUDUDOP'),(24,'CANELS'),(25,'NUCITA'),(26,'PALL MALL'),(27,'GENERICO'),(28,'MANOLA'),(29,'CHICKS'),(30,'BONAFONT'),(31,'CORONADO'),(32,'TRIDENT'),(33,'MONTANA'),(34,'MI ARROZ'),(35,'BUBALO'),(36,'SEDAL'),(37,'VAQUERA'),(38,'DELICADOS'),(39,'TIC TAC'),(40,'FERRERO ROCHER'),(41,'KRANNY'),(42,'YAVAROS'),(43,'USHER'),(44,'RICOLINO'),(45,'BOCADIN'),(46,'DEL VALLE'),(47,'LA FINA'),(48,'GATORADE'),(49,'CRESPO'),(50,'SAURI'),(51,'X-TRA'),(52,'MARGARINA'),(53,'DOVE MILK'),(54,'DURACELL'),(55,'MARUCHAN'),(56,'PHILLIPS'),(57,'BIMBO'),(58,'BIC'),(59,'PURE WHITE'),(60,'VALENTINA'),(61,'PETALO'),(62,'BARCEL'),(63,'SKARCH'),(64,'HEINZ'),(65,'ARIZONA'),(66,'TAJIN'),(67,'SANISSIMO'),(68,'WALLET'),(69,'PERFECT COLOR'),(70,'PEDIGREE'),(71,'PELON'),(72,'MALVABON'),(73,'BREMEN'),(74,'DE LA ROSA'),(75,'BIG MIX'),(76,'GUMMY'),(77,'CONONUGS'),(78,'COCONUGS'),(79,'LUCAS'),(80,'PULPARINDO'),(81,'VAMPIRO'),(82,'SQUIRT'),(83,'SAN JUAN'),(84,'MUNDET'),(85,'JARRITOS'),(86,'ZUBA'),(87,'CORONA'),(88,'AVE'),(89,'PEPSI'),(90,'WINIS'),(91,'KLASS'),(92,'CHARRAS'),(93,'TURIN'),(94,'ACT II'),(95,'KIYAKIS'),(96,'ARELOS'),(97,'CHUTAZO'),(98,'GOMITA'),(99,'LA CORONA'),(100,'JUIZZY'),(101,'REY SANTIAGO'),(102,'RED COLA'),(103,'TEMPTATION'),(104,'BURBU'),(105,'MAXIMA PREMIUM'),(106,'CHARLY'),(107,'NESTLE'),(108,'FASHION'),(109,'EYEBROW'),(110,'BROWS'),(111,'HEBLEE'),(112,'SANIYE'),(113,'GLITTER'),(114,'FIXER'),(115,'CHIYODA'),(116,'PANASONIC'),(117,'SANGRIA'),(118,'NATURELA'),(119,'BOLD'),(120,'ACE'),(121,'CREST'),(122,'MAESTRO LIMPIO'),(123,'SALVO'),(124,'SABRITAS'),(125,'GAMESA'),(126,'WONDER'),(127,'MILPA REAL'),(128,'PRINCIPE'),(129,'MANTECHOX'),(130,'CANAPINAS'),(131,'FLORENTINA'),(132,'SENZAO'),(133,'BOMBITOS'),(134,'ARCOIRIS'),(135,'CHOCO'),(136,'NESCAFE'),(137,'COFFEE MATE'),(138,'ZEST'),(139,'ESCUDO'),(140,'PEPTO BISMOL'),(141,'PANTENE'),(142,'ABUELITA'),(143,'HERDEZ'),(144,'MC CORNICK'),(145,'BUFALO'),(146,'MAIZENA'),(147,'KNORR'),(148,'ADES'),(149,'ARIEL'),(150,'KELLOGGS'),(151,'CHOCO KRISPIS'),(152,'TREATS'),(153,'ALKA SELTZER'),(154,'ASPIRINA'),(155,'REY PACK'),(156,'PRESTOBARBA'),(157,'GUILLET'),(158,'RANCHERITOS'),(159,'TOSTITOS'),(160,'CHURRUMAIS'),(161,'CHEETOS'),(162,'AMI'),(163,'PAU-PAU'),(164,'IBARRA'),(165,'LA COSTEÑA'),(166,'KLEENEX'),(167,'DELSEY'),(168,'ABSORSEC'),(169,'LA MODERNA'),(170,'SABA'),(171,'REGIO'),(172,'NUTRILECHE'),(173,'SAN MARCOS'),(174,'PINOL'),(175,'ROMA'),(176,'ZOTE'),(177,'ROSA VENUS'),(178,'TERSSO'),(179,'MANILVA'),(180,'BLANCA NIEVES'),(181,'OSRAM'),(182,'LATTE'),(183,'BITES'),(184,'PETITS'),(185,'SKATE'),(186,'CHOX'),(187,'RENDIDOR'),(188,'GABI'),(189,'MANZANITA SOL'),(190,'MIRINDA'),(191,'CONGA'),(192,'Z-UP'),(193,'NUTRIPLUS'),(194,'BENEGASTROL'),(195,'ACTIVIA'),(196,'BONAFINA'),(197,'RANCHERITO'),(198,'COLORFIEL'),(199,'PALMOLIVE'),(200,'COLGATE'),(201,'EVEREADY'),(202,'YOPLAIT'),(203,'ANCLA'),(204,'TUNY'),(205,'PICOT'),(206,'DOLORES'),(207,'MORELOS'),(208,'LEGAL'),(209,'CLEMENTE'),(210,'SPRITE'),(211,'FANTA'),(212,'FRESCA'),(213,'DELAWARE'),(214,'CIEL'),(215,'POWERADE'),(216,'FUZE TEA'),(217,'COCO'),(218,'LECHERA'),(219,'NEGRA'),(220,'VANISH'),(221,'CARNATION'),(222,'MORELIA'),(223,'MODELO'),(224,'4 ESTRELLAS'),(225,'3 ESTRELLAS'),(226,'CLOROX'),(227,'GUGARIN'),(228,'AGUAFIEL'),(229,'PEÑAFIEL'),(230,'MASECA'),(231,'DEL FUERTE'),(232,'TOKAI'),(233,'ELECTROPURA'),(234,'POWER PUNCH'),(235,'KOLA LOKA'),(236,'CHEMISSE'),(237,'CORNETO'),(238,'MAX'),(239,'CRUSH'),(240,'VIVA'),(241,'MAS COLOR'),(242,'PERT'),(243,'SANTA CLARA'),(244,'CONVERMEX'),(245,'PUNKY'),(246,'TEHUACAN'),(247,'CHEN'),(248,'KIPI'),(249,'EL OLIVO'),(250,'QUAKER'),(251,'KOTEX'),(252,'VOGUE'),(253,'SANTO CRISTO'),(254,'SAN FELIPE'),(255,'REYMA'),(256,'GIL'),(257,'CLIPPER'),(258,'FUN FUN'),(259,'CHECHITOS'),(260,'CHECHI'),(261,'EXIS'),(262,'OLE'),(263,'XTREME'),(264,'CEL'),(265,'EGO'),(266,'FRUTIMAX'),(267,'ALUPRACTICK'),(268,'CATCH-A MAX'),(269,'ETCO'),(270,'SNICKERS'),(271,'MILKY WAY'),(272,'WISKAS'),(273,'RIKO POLLO'),(274,'VIVE 100'),(275,'CHOCO MILK'),(276,'SAVILE'),(277,'CAMAY'),(278,'HELLMANS'),(279,'NATURELLA'),(280,'IGOTO'),(281,'AXION'),(282,'SUAVITEL'),(283,'CAPRICE'),(284,'HEAD & SHOULDERS'),(285,'TANG'),(286,'HALLS'),(287,'D\'GARI'),(288,'HERSHEY\'S'),(289,'ENTENMANN\'S');
/*!40000 ALTER TABLE `Provider` ENABLE KEYS */;
UNLOCK TABLES;

--
-- Table structure for table `Sale`
--

DROP TABLE IF EXISTS `Sale`;
/*!40101 SET @saved_cs_client     = @@character_set_client */;
/*!40101 SET character_set_client = utf8 */;
CREATE TABLE `Sale` (
  `ID` int(11) NOT NULL AUTO_INCREMENT,
  `EmployeeID` int(11) NOT NULL,
  `DateOfSale` datetime NOT NULL,
  PRIMARY KEY (`ID`),
  KEY `EmployeeID` (`EmployeeID`),
  CONSTRAINT `Sale_ibfk_1` FOREIGN KEY (`EmployeeID`) REFERENCES `Employee` (`ID`) ON DELETE CASCADE ON UPDATE CASCADE
) ENGINE=InnoDB DEFAULT CHARSET=utf8;
/*!40101 SET character_set_client = @saved_cs_client */;

--
-- Dumping data for table `Sale`
--

LOCK TABLES `Sale` WRITE;
/*!40000 ALTER TABLE `Sale` DISABLE KEYS */;
/*!40000 ALTER TABLE `Sale` ENABLE KEYS */;
UNLOCK TABLES;

--
-- Table structure for table `ScheduleEmployee`
--

DROP TABLE IF EXISTS `ScheduleEmployee`;
/*!40101 SET @saved_cs_client     = @@character_set_client */;
/*!40101 SET character_set_client = utf8 */;
CREATE TABLE `ScheduleEmployee` (
  `ID` int(11) NOT NULL AUTO_INCREMENT,
  `IDEmployee` int(11) NOT NULL,
  `Day` int(11) NOT NULL,
  `hourStart` time NOT NULL,
  `hourEnd` time NOT NULL,
  PRIMARY KEY (`ID`),
  KEY `IDEmployee` (`IDEmployee`),
  CONSTRAINT `ScheduleEmployee_ibfk_1` FOREIGN KEY (`IDEmployee`) REFERENCES `Employee` (`ID`) ON DELETE CASCADE ON UPDATE CASCADE
) ENGINE=InnoDB DEFAULT CHARSET=utf8;
/*!40101 SET character_set_client = @saved_cs_client */;

--
-- Dumping data for table `ScheduleEmployee`
--

LOCK TABLES `ScheduleEmployee` WRITE;
/*!40000 ALTER TABLE `ScheduleEmployee` DISABLE KEYS */;
/*!40000 ALTER TABLE `ScheduleEmployee` ENABLE KEYS */;
UNLOCK TABLES;

--
-- Table structure for table `ScheduleProvider`
--

DROP TABLE IF EXISTS `ScheduleProvider`;
/*!40101 SET @saved_cs_client     = @@character_set_client */;
/*!40101 SET character_set_client = utf8 */;
CREATE TABLE `ScheduleProvider` (
  `ID` int(11) NOT NULL AUTO_INCREMENT,
  `IDProvider` int(11) NOT NULL,
  `Day` int(11) NOT NULL,
  `hourStart` time NOT NULL,
  `hourEnd` time NOT NULL,
  PRIMARY KEY (`ID`),
  KEY `IDProvider` (`IDProvider`),
  CONSTRAINT `ScheduleProvider_ibfk_1` FOREIGN KEY (`IDProvider`) REFERENCES `Provider` (`ID`) ON DELETE CASCADE ON UPDATE CASCADE
) ENGINE=InnoDB DEFAULT CHARSET=utf8;
/*!40101 SET character_set_client = @saved_cs_client */;

--
-- Dumping data for table `ScheduleProvider`
--

LOCK TABLES `ScheduleProvider` WRITE;
/*!40000 ALTER TABLE `ScheduleProvider` DISABLE KEYS */;
/*!40000 ALTER TABLE `ScheduleProvider` ENABLE KEYS */;
UNLOCK TABLES;

--
-- Table structure for table `UnitSale`
--

DROP TABLE IF EXISTS `UnitSale`;
/*!40101 SET @saved_cs_client     = @@character_set_client */;
/*!40101 SET character_set_client = utf8 */;
CREATE TABLE `UnitSale` (
  `SaleID` int(11) NOT NULL,
  `ProductID` int(11) NOT NULL,
  `QuantitySell` double NOT NULL,
  PRIMARY KEY (`SaleID`,`ProductID`),
  KEY `ProductID` (`ProductID`),
  CONSTRAINT `UnitSale_ibfk_1` FOREIGN KEY (`SaleID`) REFERENCES `Sale` (`ID`) ON DELETE CASCADE ON UPDATE CASCADE,
  CONSTRAINT `UnitSale_ibfk_2` FOREIGN KEY (`ProductID`) REFERENCES `Product` (`ID`) ON DELETE CASCADE ON UPDATE CASCADE
) ENGINE=InnoDB DEFAULT CHARSET=utf8;
/*!40101 SET character_set_client = @saved_cs_client */;

--
-- Dumping data for table `UnitSale`
--

LOCK TABLES `UnitSale` WRITE;
/*!40000 ALTER TABLE `UnitSale` DISABLE KEYS */;
/*!40000 ALTER TABLE `UnitSale` ENABLE KEYS */;
UNLOCK TABLES;
/*!40103 SET TIME_ZONE=@OLD_TIME_ZONE */;

/*!40101 SET SQL_MODE=@OLD_SQL_MODE */;
/*!40014 SET FOREIGN_KEY_CHECKS=@OLD_FOREIGN_KEY_CHECKS */;
/*!40014 SET UNIQUE_CHECKS=@OLD_UNIQUE_CHECKS */;
/*!40101 SET CHARACTER_SET_CLIENT=@OLD_CHARACTER_SET_CLIENT */;
/*!40101 SET CHARACTER_SET_RESULTS=@OLD_CHARACTER_SET_RESULTS */;
/*!40101 SET COLLATION_CONNECTION=@OLD_COLLATION_CONNECTION */;
/*!40111 SET SQL_NOTES=@OLD_SQL_NOTES */;

-- Dump completed on 2018-06-13 23:27:28
